CustomerID,Gender,Age,Region,ProductCategory,PurchaseAmount,LoyaltyLevel,PaymentMethod,Returned,SatisfactionScore,Extra_0,Extra_1
CUST1000,Male,24,West,Sports,712.09,Gold,Online,0,8,1.7760872803800642,0.8262494226728235
CUST1001,Female,42,East,Clothing,935.67,Platinum,Online,0,2,-0.46077501373165286,0.08595738801721546
CUST1002,Male,62,East,Home,707.27,Gold,Cash,0,5,-0.7695623811651242,-0.5871541590312039
CUST1003,Male,21,North,Electronics,673.96,Gold,Card,1,9,0.5473026747769738,-0.5321724562434457
CUST1004,Male,53,Central,Home,714.06,Platinum,Card,0,8,1.3640819374650175,0.38547307045695217
CUST1005,Female,23,North,Sports,888.35,Bronze,Online,0,2,-1.3788033045852264,0.41298056552504697
CUST1006,Male,48,South,Home,807.83,Bronze,Cash,1,9,-0.19699064821431514,-0.2929546157635447
CUST1007,Male,36,North,Home,1281.93,Platinum,Cash,1,5,-0.6107819450858708,-2.6191522050533393
CUST1008,Male,61,North,Home,79.0,Platinum,Card,0,10,0.14285101299207983,-1.2905227272912905
CUST1009,Female,56,West,Sports,1250.81,Platinum,Card,0,6,0.010017923499404696,0.6196889216121123
CUST1010,Male,44,East,Beauty,1266.67,Gold,Card,1,3,1.345381247627721,-2.1308379973558758
CUST1011,Male,27,Central,Home,430.94,Platinum,Cash,0,3,-0.10840479287478322,1.1841810163672148
CUST1012,Male,43,North,Clothing,696.96,Silver,Card,1,10,1.3747840989702291,1.036157261138504
CUST1013,Male,36,Central,Sports,660.62,Gold,Card,0,8,-0.31510033601868576,0.04109638193320572
CUST1014,Female,56,North,Home,331.67,Bronze,Online,0,10,0.9264818751052164,0.5979310342286077
CUST1015,Male,20,South,Beauty,598.21,Bronze,Card,0,10,0.22866302813671915,0.5287746783588859
CUST1016,Female,62,North,Sports,71.36,Bronze,Card,0,2,1.7298853986834446,-0.11687312836621294
CUST1017,Female,30,West,Groceries,420.34,Gold,Cash,0,2,-1.4770148628144282,-1.37388911758857
CUST1018,Female,67,East,Beauty,1225.94,Silver,Cash,0,5,-1.1638577177598246,0.9672729750616863
CUST1019,Male,45,South,Clothing,430.42,Platinum,Online,0,6,1.8316222846583865,1.407230011383635
CUST1020,Female,37,North,Home,1228.22,Platinum,Card,0,2,-0.7332650934863538,-1.208590524242342
CUST1021,Male,45,Central,Groceries,799.74,Bronze,Online,0,5,-0.6698033580758616,-1.4112550051696995
CUST1022,Female,25,South,Groceries,1320.39,Bronze,Cash,0,7,-0.8757235854998543,-0.13679690475734085
CUST1023,Female,58,South,Sports,864.3,Gold,Online,0,10,1.1484459565337237,-0.6262245956364498
CUST1024,Female,56,North,Groceries,49.35,Silver,Cash,0,10,-1.2534576132251245,0.14494924020545913
CUST1025,Female,18,South,Clothing,1014.75,Platinum,Online,0,8,0.02245041227766096,1.2079940398603866
CUST1026,Female,20,Central,Clothing,72.06,Gold,Online,0,7,-0.2656218217805378,-2.2456704382724957
CUST1027,Female,30,South,Electronics,678.64,Platinum,Card,0,8,1.0365155835044346,1.5812719516191547
CUST1028,Female,45,Central,Clothing,1394.49,Bronze,Online,0,9,-0.5636826623316449,-0.40666844187691986
CUST1029,Female,66,North,Beauty,251.98,Platinum,Card,1,5,0.4152725791132739,0.5117789786504942
CUST1030,Male,42,East,Groceries,587.86,Silver,Card,0,5,-1.1712161733772697,0.6187258381044658
CUST1031,Male,50,South,Clothing,1096.14,Silver,Card,0,10,2.2739410386772008,0.7353411541977961
CUST1032,Female,55,East,Sports,1323.98,Bronze,Card,1,4,-0.23959232465370883,0.061908104029996795
CUST1033,Female,23,Central,Electronics,1008.06,Silver,Online,0,9,0.008763484885367153,0.29556060178674576
CUST1034,Female,61,South,Groceries,390.97,Silver,Cash,0,5,1.654754358850542,0.2890220506054031
CUST1035,Male,62,West,Electronics,1013.54,Gold,Cash,0,2,-0.5866727743052094,-0.6302828007794473
CUST1036,Female,49,East,Groceries,448.61,Platinum,Cash,0,10,1.6673823429386165,-1.7580551914371976
CUST1037,Male,62,South,Sports,1079.05,Bronze,Online,0,8,-0.41147117413796075,-1.2191858277651948
CUST1038,Male,64,East,Electronics,1431.28,Bronze,Card,0,7,0.6716981838212592,-0.10423797949803458
CUST1039,Male,38,South,Home,1083.48,Bronze,Cash,0,8,-0.5726816401592988,-0.786806656896385
CUST1040,Male,33,North,Beauty,1295.01,Bronze,Online,0,3,-1.3560364451447344,-0.784496072389535
CUST1041,Male,38,East,Beauty,8.15,Bronze,Card,0,4,0.4145943505406158,1.7992510456861954
CUST1042,Female,28,West,Groceries,1077.77,Silver,Cash,0,5,0.6399034009835328,0.8588947966598731
CUST1043,Female,54,West,Home,1245.23,Gold,Card,0,6,-1.3158857423262387,-0.2520759659099735
CUST1044,Female,53,Central,Electronics,65.64,Bronze,Cash,0,1,-0.30705831890871205,0.672034945655442
CUST1045,Female,52,South,Home,1308.04,Gold,Cash,0,4,1.2007589615369068,-0.42026860559090073
CUST1046,Female,36,East,Home,388.76,Gold,Cash,0,10,0.6001189507966102,0.11072343418649651
CUST1047,Male,37,Central,Electronics,999.61,Silver,Card,0,5,-0.3952150017840508,0.44162864841891597
CUST1048,Female,35,East,Sports,1201.53,Bronze,Online,0,7,-0.5975257016344556,-0.41760596777187864
CUST1049,Female,64,South,Home,995.68,Silver,Card,0,5,1.9482443251347765,-0.6852505475370957
CUST1050,Male,58,West,Home,142.97,Bronze,Cash,0,1,-1.446932069802858,1.223931818468504
CUST1051,Female,66,North,Sports,896.5,Silver,Card,0,7,-0.05919857440860258,0.6141129671981066
CUST1052,Male,31,West,Home,826.63,Gold,Online,0,8,-1.4646968736939443,-2.2546108782927172
CUST1053,Female,32,Central,Home,1350.98,Bronze,Card,0,7,1.3148146448442812,-0.6681359300316102
CUST1054,Male,48,North,Home,609.34,Platinum,Online,0,4,-0.007123612208336721,-0.7812724996943938
CUST1055,Female,18,Central,Beauty,485.02,Gold,Online,0,8,0.1781740847694348,-0.6211380888123978
CUST1056,Female,20,South,Clothing,1126.03,Platinum,Card,0,5,2.768892309627609,0.8624022887588952
CUST1057,Male,33,North,Sports,621.95,Gold,Cash,0,10,-0.5934726757363933,0.019205968003691544
CUST1058,Male,40,Central,Home,970.91,Silver,Online,0,9,1.7485759140585337,-1.3896296708555456
CUST1059,Male,28,South,Beauty,971.44,Bronze,Card,0,10,-0.3907319144081885,-0.3832148369586158
CUST1060,Male,29,West,Sports,1332.62,Gold,Online,0,5,-0.23351245758489844,0.5417376476161898
CUST1061,Male,27,South,Groceries,900.05,Silver,Cash,0,1,2.6381752566205994,-0.21964501553375435
CUST1062,Male,49,East,Groceries,755.72,Bronze,Card,0,9,-0.1610903772616734,-0.6446759511634914
CUST1063,Male,33,South,Home,212.61,Bronze,Card,0,5,-1.374371404295248,0.33121927873852836
CUST1064,Male,25,South,Beauty,178.03,Gold,Card,0,6,0.28191878812631216,1.6181924894390771
CUST1065,Female,55,East,Beauty,235.71,Bronze,Cash,0,4,-0.1727368251670042,0.4614248329585187
CUST1066,Female,29,Central,Sports,261.91,Gold,Online,0,6,0.36709584173386034,1.3009415130316988
CUST1067,Male,41,Central,Sports,958.63,Bronze,Card,0,8,-0.13359779332776944,-0.5776142178649032
CUST1068,Female,45,South,Beauty,1112.77,Platinum,Online,0,3,2.2155446162047645,-0.008362111124060725
CUST1069,Female,25,East,Sports,797.34,Silver,Online,0,5,0.5567358388359357,-0.028551984535682258
CUST1070,Female,45,East,Beauty,1244.38,Platinum,Cash,0,2,-1.074964627725818,0.11867908406769122
CUST1071,Female,53,West,Clothing,1486.94,Gold,Card,0,2,0.12454680202385442,0.44051960638091603
CUST1072,Male,43,Central,Beauty,1230.92,Platinum,Online,0,7,-0.7996298241670389,-0.9189691210547781
CUST1073,Female,25,North,Groceries,1043.85,Gold,Card,0,10,-0.2477138425029538,0.6473326855134786
CUST1074,Male,67,Central,Sports,801.08,Bronze,Card,0,10,-0.9104407105668227,-1.6278859389552167
CUST1075,Female,45,Central,Beauty,676.04,Bronze,Cash,0,10,2.1071185232060228,-1.3357566625066817
CUST1076,Female,45,West,Beauty,131.17,Gold,Card,0,6,-0.6913846151782217,2.1356261011732305
CUST1077,Female,54,North,Sports,602.06,Platinum,Card,0,4,0.6875643519941369,-0.510120739478876
CUST1078,Male,58,West,Clothing,1365.65,Bronze,Online,1,5,-0.3234794218766272,0.7295193509862021
CUST1079,Female,53,North,Clothing,1212.99,Silver,Cash,0,1,-1.1584131725727902,1.6982903924269561
CUST1080,Male,44,South,Sports,328.0,Bronze,Card,0,7,0.1976493028995068,-2.314456078778476
CUST1081,Female,34,North,Electronics,702.58,Silver,Online,0,8,0.4006918370857067,1.1262461801557098
CUST1082,Male,26,West,Sports,1226.0,Platinum,Cash,0,9,0.5586265327545139,0.648943606259271
CUST1083,Female,50,Central,Sports,105.74,Silver,Cash,0,8,-2.6222191545409426,1.6403972809330398
CUST1084,Male,37,North,Clothing,584.15,Silver,Online,1,5,-1.2348457136690911,-1.1815231616646271
CUST1085,Male,30,North,Clothing,1278.5,Silver,Online,0,3,0.9575547190218846,1.4512546569546128
CUST1086,Female,45,East,Sports,608.83,Silver,Online,0,10,-0.9236069626087919,-0.7394144316026904
CUST1087,Male,65,Central,Sports,121.03,Bronze,Online,0,9,0.20294405031011112,1.0547778142766568
CUST1088,Female,46,South,Sports,816.09,Silver,Online,0,6,-1.2580246952287855,-0.03602103575443992
CUST1089,Female,30,West,Clothing,1293.31,Bronze,Card,0,5,0.7316011021584401,0.7707688064351387
CUST1090,Female,63,South,Sports,887.48,Silver,Card,0,3,0.9312695959955741,0.04886918330515309
CUST1091,Female,52,Central,Sports,343.29,Gold,Cash,1,6,0.7319099061723667,-1.839401584186729
CUST1092,Female,23,North,Home,579.44,Platinum,Card,0,3,1.0325568123535973,-3.120544022943797
CUST1093,Female,35,North,Electronics,677.93,Silver,Card,0,10,1.5639001448995327,0.20991553398349078
CUST1094,Female,68,Central,Groceries,871.0,Gold,Card,0,6,-1.1740741316089747,-0.2637350376313479
CUST1095,Female,22,North,Electronics,1140.23,Silver,Online,0,4,-0.7886719311513626,0.3982209514202937
CUST1096,Female,64,North,Home,152.82,Silver,Cash,0,2,0.8975435703037948,-0.2521534658435748
CUST1097,Female,42,North,Groceries,1335.03,Silver,Cash,0,8,1.1302197718374811,2.0180773827178204
CUST1098,Female,19,West,Sports,23.4,Gold,Cash,0,4,-0.6743429535719255,0.23053712782830446
CUST1099,Male,27,West,Home,558.23,Platinum,Cash,0,9,-0.7438860653255841,-0.44694772758266543
CUST1100,Male,47,East,Sports,45.99,Gold,Card,0,7,-0.6522134899305057,0.3373630663468662
CUST1101,Female,67,South,Clothing,592.5,Platinum,Card,0,2,-1.605094964043946,-0.42867479688130566
CUST1102,Female,62,Central,Beauty,791.09,Silver,Online,0,4,-1.2714111821740754,0.09293023411398735
CUST1103,Female,22,Central,Home,769.96,Bronze,Cash,0,5,-1.2472926450301534,-1.2174801872358345
CUST1104,Female,50,Central,Clothing,252.61,Silver,Card,0,3,-0.29409847380563336,-0.008585201859605372
CUST1105,Female,18,East,Home,970.38,Platinum,Card,0,9,0.2708365158339546,-0.4778523960351749
CUST1106,Female,35,West,Home,71.94,Gold,Online,0,5,0.43347283164237227,-1.1227366253686797
CUST1107,Female,49,East,Clothing,1144.05,Silver,Online,0,2,-0.508562253275681,1.9757358680726422
CUST1108,Female,64,Central,Groceries,1420.23,Gold,Online,0,3,-0.48398711628087887,-1.0837353699401662
CUST1109,Male,66,South,Electronics,512.95,Gold,Card,0,9,0.12366149515126128,0.006964223441937532
CUST1110,Female,28,North,Sports,778.27,Gold,Card,1,7,-1.496014557149427,-0.8028080349487572
CUST1111,Male,38,West,Home,571.47,Silver,Online,0,2,0.9594405320830891,0.29703947087987503
CUST1112,Female,43,West,Sports,15.03,Gold,Cash,0,9,1.2853852790142708,-1.2743851344689174
CUST1113,Female,42,East,Beauty,581.88,Gold,Online,0,4,-0.6255806376880398,0.8403568239355511
CUST1114,Male,39,West,Clothing,1188.62,Silver,Online,0,9,-0.3984361593487791,2.0361561863588413
CUST1115,Female,44,Central,Sports,896.0,Gold,Online,0,2,1.2433122248451696,-0.8395392371006698
CUST1116,Male,66,Central,Clothing,156.38,Silver,Online,0,10,-0.12305159098989943,1.2169688626813207
CUST1117,Female,30,East,Sports,1271.47,Platinum,Card,0,4,0.5882454459516296,-0.38187934439569
CUST1118,Female,50,Central,Electronics,798.97,Platinum,Cash,0,5,-0.09230539380077397,1.5057911210760857
CUST1119,Male,51,South,Electronics,1263.38,Platinum,Online,1,2,1.5563073884802743,2.188498986095991
CUST1120,Female,58,East,Electronics,872.43,Gold,Cash,0,10,0.49007962825149565,-0.23370501170845875
CUST1121,Male,52,South,Electronics,841.73,Bronze,Cash,0,1,0.5476557719191922,-1.5202660808946518
CUST1122,Female,18,North,Electronics,162.36,Bronze,Cash,0,7,0.5663065387335868,0.9480843874360897
CUST1123,Male,38,South,Electronics,255.2,Gold,Online,0,10,-0.5551137363277123,0.22441720794411618
CUST1124,Male,65,North,Clothing,1458.18,Bronze,Card,0,1,-0.4632391369225352,0.5017911677776411
CUST1125,Female,23,North,Home,346.59,Silver,Online,0,8,0.7692456395599749,-0.3398450418443653
CUST1126,Female,45,South,Sports,1466.29,Bronze,Cash,0,3,0.12641282943361754,-0.8844928186606991
CUST1127,Male,34,East,Electronics,800.21,Gold,Cash,0,10,-1.177611007811773,1.1603481809669742
CUST1128,Female,22,Central,Clothing,208.0,Gold,Card,0,6,1.8731044246247803,0.31978999455603274
CUST1129,Female,48,Central,Clothing,153.46,Silver,Online,0,7,0.9780718672970998,-1.4435570341837254
CUST1130,Female,22,North,Clothing,317.25,Platinum,Cash,0,10,0.03762632384501897,0.6868752232028936
CUST1131,Male,55,North,Home,1388.83,Gold,Card,0,1,-0.27350098179996507,0.4861685979665005
CUST1132,Male,20,East,Sports,624.15,Silver,Cash,0,6,0.19867585753008277,-0.3252989243235641
CUST1133,Male,40,West,Home,596.17,Bronze,Card,0,7,0.5175200991574272,1.619813234242322
CUST1134,Male,54,South,Groceries,473.24,Bronze,Card,0,6,-2.0330007356700475,-0.6181731623472644
CUST1135,Male,54,North,Clothing,224.86,Silver,Online,0,4,2.1123497094857537,-0.16898649815484168
CUST1136,Male,27,Central,Groceries,734.34,Silver,Cash,0,1,-0.7898843091669199,0.7686480879681981
CUST1137,Male,27,East,Beauty,199.42,Gold,Online,0,9,-0.0019056329887571601,0.0767629503307216
CUST1138,Male,36,South,Electronics,1254.04,Bronze,Cash,0,4,0.03486688277914605,-1.3844231543584364
CUST1139,Male,34,East,Electronics,558.74,Silver,Online,0,7,1.9968502186888513,0.18379937299342966
CUST1140,Female,38,South,Home,565.33,Bronze,Cash,0,7,-0.08812384100669465,-0.4143897919652327
CUST1141,Male,31,South,Sports,713.64,Silver,Online,0,2,1.5885072943536291,0.8569962449162634
CUST1142,Female,26,North,Groceries,668.97,Bronze,Card,0,1,0.40672746946111393,0.15121834399513978
CUST1143,Female,63,East,Sports,1492.31,Platinum,Cash,0,8,-0.9618848622059493,0.09450765304739081
CUST1144,Female,18,East,Home,820.34,Gold,Cash,0,8,0.13470746810280448,-1.0482511637190517
CUST1145,Male,68,Central,Electronics,136.86,Bronze,Card,1,7,-0.11850872171491235,-0.2300253079140055
CUST1146,Male,62,Central,Sports,912.28,Platinum,Online,0,8,-1.084070484904229,0.9701010940126534
CUST1147,Male,30,North,Sports,231.62,Bronze,Cash,0,3,0.35772276947224163,-0.776536344541371
CUST1148,Male,21,North,Electronics,51.25,Bronze,Cash,0,2,0.022102749849855868,-0.03255022308771416
CUST1149,Female,18,West,Groceries,1456.26,Platinum,Online,0,7,0.5564217054585403,-0.9364460516490096
CUST1150,Male,66,Central,Electronics,1161.44,Bronze,Card,0,8,0.19335277959831482,-1.1838426410516691
CUST1151,Male,57,South,Sports,1470.26,Bronze,Online,0,1,-0.6511028970140703,-0.08485904498935258
CUST1152,Male,49,East,Groceries,719.43,Gold,Online,0,10,0.7683339922903146,0.17380116487733835
CUST1153,Male,51,North,Groceries,800.73,Platinum,Online,0,9,-0.624398280253579,1.9938629392325948
CUST1154,Male,45,East,Electronics,256.66,Platinum,Cash,1,4,-3.099670522783271,-0.455460383846209
CUST1155,Female,48,East,Sports,374.13,Silver,Card,0,4,0.12865294795421686,-0.050169267633882464
CUST1156,Male,25,West,Home,1258.63,Bronze,Card,0,3,-0.5540737272339897,-1.2500735179709248
CUST1157,Female,56,Central,Sports,537.5,Gold,Online,0,6,0.38213050439663476,0.6122400149069139
CUST1158,Male,43,North,Clothing,1241.09,Bronze,Cash,1,1,1.9988717359397143,0.3980947793532806
CUST1159,Female,51,East,Beauty,1064.98,Bronze,Online,0,6,2.027739693148058,1.4883946776914283
CUST1160,Male,20,North,Home,269.87,Silver,Cash,0,2,-0.16512292222183975,1.1116221515087088
CUST1161,Male,67,South,Groceries,763.63,Bronze,Cash,1,9,-0.8265151712460557,0.35140666884228294
CUST1162,Female,29,West,Home,1017.69,Gold,Cash,0,2,0.584683281917922,-0.47007149958870037
CUST1163,Female,18,South,Groceries,356.38,Gold,Cash,0,7,-0.37022559186635445,0.2046684378900604
CUST1164,Female,61,North,Groceries,1246.88,Silver,Card,0,1,0.39177652234694255,-0.11101346213176101
CUST1165,Male,22,North,Home,819.52,Bronze,Cash,0,7,-0.6608607622268543,0.9533975332379796
CUST1166,Female,47,Central,Groceries,252.04,Gold,Cash,0,5,0.2506924160227523,0.8262314899624682
CUST1167,Male,47,East,Groceries,876.56,Bronze,Online,0,8,-0.8119741522934762,-0.2964154436547553
CUST1168,Male,34,East,Clothing,1499.57,Bronze,Online,1,4,1.1842534160314664,-1.4619937798268778
CUST1169,Female,65,South,Sports,230.03,Bronze,Card,1,10,-0.5899776907526124,1.3333873002204246
CUST1170,Female,64,West,Sports,1226.05,Silver,Online,0,7,0.6611025357349691,0.581873956823205
CUST1171,Male,40,East,Beauty,314.93,Bronze,Cash,0,6,-1.264767283185519,-0.319490070572669
CUST1172,Male,32,Central,Beauty,1174.67,Gold,Online,0,5,0.781173856610691,0.5428733481036709
CUST1173,Female,54,South,Clothing,1103.19,Bronze,Card,0,4,-0.9663840692682004,0.07486130625002908
CUST1174,Female,38,South,Beauty,454.23,Gold,Online,0,7,0.26117680697450923,1.3186179262194737
CUST1175,Female,31,Central,Home,492.11,Bronze,Online,0,5,1.0232009733479865,-1.9297802318050268
CUST1176,Male,19,West,Electronics,1189.82,Gold,Card,0,5,-0.19998289855677934,-0.39719096651343244
CUST1177,Male,28,Central,Electronics,694.86,Gold,Card,0,1,-1.0291669107459331,1.5990545154786884
CUST1178,Male,68,West,Electronics,1097.57,Bronze,Cash,1,2,0.49681250713592134,0.5631984034673122
CUST1179,Male,56,Central,Clothing,226.24,Bronze,Online,0,5,-0.840981398986548,1.772606668314208
CUST1180,Male,55,Central,Clothing,1279.57,Gold,Cash,0,3,-0.40424559919722874,-1.2218070931634644
CUST1181,Male,51,North,Groceries,1067.77,Platinum,Online,0,2,0.2654626594957273,1.0721967159384873
CUST1182,Female,55,South,Electronics,1360.88,Silver,Online,0,4,1.3606760361077053,1.012224423453833
CUST1183,Male,67,Central,Home,202.9,Platinum,Cash,0,4,0.02655335379946882,-1.681728535328834
CUST1184,Male,51,Central,Beauty,891.56,Platinum,Online,0,4,0.022857509845123507,-0.29550228953308394
CUST1185,Male,35,East,Home,900.69,Bronze,Online,0,4,0.7375128936228513,-0.10652910519408315
CUST1186,Female,47,South,Beauty,533.42,Silver,Online,0,3,0.0503718966729968,-1.6195560287674056
CUST1187,Male,32,East,Electronics,690.41,Platinum,Card,0,7,0.635530199832898,-0.27460232652043887
CUST1188,Male,44,South,Electronics,61.78,Bronze,Cash,0,9,1.078533546062947,0.8731831407786059
CUST1189,Female,68,East,Electronics,1120.06,Platinum,Card,0,5,-0.3277371502679994,-0.39092305952474016
CUST1190,Male,51,Central,Clothing,826.24,Platinum,Cash,1,4,-3.2750106339134555,0.24213315567402635
CUST1191,Male,69,Central,Beauty,91.32,Bronze,Cash,0,2,-0.8179270935854663,0.24937028272765205
CUST1192,Male,55,North,Clothing,1022.73,Bronze,Online,1,2,1.208682010835303,-0.012143411138766203
CUST1193,Male,50,East,Clothing,702.84,Bronze,Cash,0,5,-0.033764781397654105,-0.7051820240254287
CUST1194,Male,41,West,Sports,56.52,Silver,Card,1,7,-0.33913027092789905,0.6588139748838979
CUST1195,Female,32,North,Home,1454.56,Platinum,Card,0,10,1.1667849932032077,-1.5870337615259915
CUST1196,Female,47,East,Home,1423.92,Bronze,Card,0,10,-0.1013249162298958,0.008588138508182646
CUST1197,Female,59,East,Groceries,771.79,Gold,Cash,0,9,-2.092533205749156,1.3854863405180886
CUST1198,Male,68,North,Clothing,145.04,Platinum,Card,0,7,-1.5053020610083434,-0.4473732498412154
CUST1199,Male,34,Central,Beauty,1133.16,Gold,Cash,0,5,0.4186480208169058,-0.7273212215022773
CUST1200,Male,22,East,Sports,740.44,Silver,Card,0,10,-0.0668909415947264,0.7255161387753777
CUST1201,Female,46,Central,Sports,457.16,Bronze,Card,0,10,1.454656478829222,0.16343176058713194
CUST1202,Male,21,North,Home,739.67,Gold,Cash,0,10,-0.7332686838041768,0.7454472820569326
CUST1203,Male,27,Central,Clothing,786.05,Silver,Card,0,6,-0.30950076200379456,0.038498485695272235
CUST1204,Female,34,South,Groceries,846.25,Bronze,Online,0,3,-0.8845030730600199,-2.3882924507511794
CUST1205,Male,27,West,Clothing,664.63,Gold,Cash,0,5,-0.5205941776804528,1.179913410425699
CUST1206,Female,34,East,Electronics,910.6,Gold,Cash,0,8,-1.8919039012536238,2.0700263824782756
CUST1207,Female,37,West,Clothing,1378.51,Silver,Cash,0,1,-0.3856846640505317,1.2840410068362866
CUST1208,Female,41,Central,Electronics,546.59,Bronze,Online,0,1,-0.05186886376990197,-3.5388577250697595
CUST1209,Male,22,East,Electronics,1089.95,Bronze,Cash,0,7,-0.13633084246568394,0.4510882125055664
CUST1210,Male,51,Central,Groceries,1342.21,Gold,Card,0,5,2.1495532637328094,-0.46674581057504627
CUST1211,Male,23,South,Beauty,686.69,Gold,Card,1,5,1.8334845771769812,-1.084243753611709
CUST1212,Male,19,North,Home,667.97,Gold,Card,0,1,-0.7508994709610854,0.122732161638273
CUST1213,Male,30,East,Clothing,905.16,Bronze,Cash,0,9,-2.043936694652596,-0.14894729489972075
CUST1214,Male,60,South,Electronics,889.15,Silver,Card,0,1,-0.0992003529315567,0.5086578042798411
CUST1215,Male,60,South,Clothing,1210.85,Silver,Cash,0,5,0.3765101381706205,0.05658018930545408
CUST1216,Female,65,East,Beauty,717.34,Bronze,Card,0,10,-0.8604840733828353,-1.120812106888977
CUST1217,Male,28,Central,Home,1494.2,Platinum,Online,0,9,-0.8109756339257229,-0.576601776742971
CUST1218,Female,68,South,Beauty,93.91,Silver,Online,0,4,1.5825549693125323,-0.7379585563250161
CUST1219,Male,64,West,Home,9.74,Gold,Online,0,8,-0.25755157114530397,-1.7164831767444462
CUST1220,Male,40,South,Sports,962.1,Platinum,Online,0,6,0.6622501856957386,-1.3716446439538834
CUST1221,Male,33,Central,Home,451.16,Platinum,Cash,0,3,-0.9303056978544451,-0.2110686698851942
CUST1222,Female,48,Central,Groceries,364.37,Silver,Card,0,4,-0.05694045872479299,1.423754075307279
CUST1223,Female,28,West,Beauty,471.29,Platinum,Online,0,2,-0.33633835363451275,-0.5355570796987947
CUST1224,Female,33,South,Electronics,387.79,Platinum,Cash,0,1,-0.675373238803288,-0.7574307747527896
CUST1225,Female,25,Central,Sports,51.03,Silver,Online,0,8,1.1553004115216927,-1.181286806672826
CUST1226,Male,21,East,Groceries,1457.44,Silver,Online,1,1,-1.388877009633014,0.03053649499535071
CUST1227,Female,57,North,Clothing,335.01,Platinum,Cash,0,1,0.30005682551128954,1.179259334610126
CUST1228,Male,21,North,Beauty,1102.37,Gold,Cash,0,4,-0.3551216554904988,2.0026827664085918
CUST1229,Male,42,North,Electronics,1145.08,Bronze,Card,0,10,0.41482448203587435,0.2853993767216869
CUST1230,Female,20,South,Home,1394.24,Platinum,Card,0,10,-0.3415766322183575,0.13999374263643455
CUST1231,Female,49,West,Electronics,50.67,Platinum,Online,0,6,0.8671930619189393,-0.5434731072535431
CUST1232,Female,20,Central,Clothing,1308.71,Gold,Online,0,9,-0.9397025982521517,-0.37656662149101117
CUST1233,Female,44,East,Sports,793.2,Platinum,Card,0,1,1.157553191675312,0.6291750910507029
CUST1234,Female,46,East,Sports,950.65,Platinum,Card,0,7,-0.028802694674421554,-0.31487533206307944
CUST1235,Female,49,South,Beauty,968.48,Bronze,Cash,0,10,-1.3285025290151236,-0.16228244716741405
CUST1236,Female,67,North,Sports,1230.6,Bronze,Card,1,5,0.6802154559028234,-0.025347274750424368
CUST1237,Female,68,South,Beauty,503.44,Bronze,Card,0,8,-0.19884974351765108,-0.5908281109074761
CUST1238,Male,36,West,Beauty,1100.91,Silver,Online,0,7,-1.7078379261395442,-0.07497925907755129
CUST1239,Female,38,West,Beauty,795.22,Silver,Card,0,4,0.3324680837588702,-2.0194061287908016
CUST1240,Female,22,Central,Home,1191.12,Bronze,Online,0,4,1.0065957152776999,0.5488358830184623
CUST1241,Male,35,Central,Groceries,1485.87,Bronze,Card,0,6,1.282135740360131,2.3517718389720548
CUST1242,Female,45,West,Beauty,304.97,Silver,Cash,0,6,-0.3783518825997664,-0.5520436151630664
CUST1243,Male,59,West,Beauty,1492.0,Gold,Card,0,9,0.14531805532573783,0.3738371450016698
CUST1244,Male,39,West,Groceries,139.27,Platinum,Card,0,5,0.05053634279291149,0.8515763202461846
CUST1245,Female,38,South,Electronics,8.46,Platinum,Card,0,8,1.4898026315713533,1.2802152727174614
CUST1246,Male,23,West,Beauty,71.02,Bronze,Online,0,5,-0.8104885823733168,-0.26432148874017936
CUST1247,Male,18,East,Home,515.96,Gold,Cash,0,2,-0.46465945220454163,-1.8033172536887192
CUST1248,Male,22,North,Sports,951.19,Silver,Card,1,6,-0.8347203094498064,0.26723195084876283
CUST1249,Male,58,West,Sports,108.2,Bronze,Online,0,9,-1.449150523112887,0.128628690654427
CUST1250,Female,29,North,Clothing,13.47,Gold,Cash,0,3,0.24778718105208195,-0.34566637467600275
CUST1251,Male,43,South,Clothing,1405.95,Gold,Online,0,1,1.6012983317775875,-0.13351212288434067
CUST1252,Female,63,North,Sports,1233.78,Gold,Online,0,1,-0.19848445851506097,0.14368044501773122
CUST1253,Male,51,South,Sports,1214.73,Silver,Cash,0,3,-0.8818966215431343,0.36176199210385035
CUST1254,Male,66,East,Home,1327.21,Silver,Card,0,10,0.18685970223206844,0.3198097102399178
CUST1255,Male,31,South,Groceries,1051.55,Platinum,Online,0,5,0.5891181787726557,-0.21768565950112867
CUST1256,Male,43,South,Clothing,161.08,Platinum,Online,0,3,-0.1563631374365723,0.38427883498595106
CUST1257,Female,62,Central,Groceries,601.65,Gold,Card,0,9,1.4035353319541772,-0.2850308482748619
CUST1258,Female,44,West,Home,1086.11,Gold,Card,0,8,-0.8123618942875219,0.6420255015353197
CUST1259,Male,26,West,Sports,424.1,Silver,Cash,0,3,-0.28696963651236274,-0.6274428354765009
CUST1260,Male,43,East,Beauty,1032.67,Platinum,Cash,0,9,0.29598790484296195,0.07305819214956248
CUST1261,Female,64,East,Groceries,41.63,Gold,Cash,0,6,0.39296375261782707,-1.6237385821172297
CUST1262,Male,39,West,Sports,462.68,Platinum,Card,0,7,0.04722809229816076,-0.36991046945714723
CUST1263,Male,64,Central,Sports,825.95,Platinum,Online,0,4,-1.2784199223571482,0.5674887211299786
CUST1264,Male,47,West,Electronics,949.97,Gold,Online,0,4,2.3380114042063296,-1.0337348667080686
CUST1265,Female,60,Central,Groceries,867.68,Silver,Cash,0,2,-0.23596991504609993,-0.32010047635008365
CUST1266,Female,65,East,Beauty,1048.15,Gold,Card,0,5,0.11026751858465678,-2.4050695499102095
CUST1267,Female,34,North,Groceries,14.1,Gold,Online,0,8,0.6167610931729804,-1.3680741085319892
CUST1268,Male,43,East,Sports,155.91,Platinum,Cash,0,7,-0.6365053626495294,-1.1064745561139018
CUST1269,Male,53,East,Beauty,1304.07,Gold,Online,1,7,0.05692642087077602,0.10175105077163865
CUST1270,Female,18,South,Home,1024.21,Silver,Online,0,6,-0.6771902376532944,0.33340901239271253
CUST1271,Female,25,South,Electronics,173.83,Gold,Card,0,3,0.4155507414742308,-0.05605556594019711
CUST1272,Female,66,South,Sports,1263.9,Silver,Card,0,5,-0.2760226485555694,-0.38259338288737815
CUST1273,Female,52,South,Clothing,367.14,Silver,Online,0,1,0.2687185273046684,-0.37910174834874727
CUST1274,Male,69,Central,Clothing,720.0,Platinum,Cash,0,7,-1.0465373464856016,0.7160457490404942
CUST1275,Female,32,West,Electronics,222.07,Bronze,Card,1,9,-0.8289164340062056,0.2128198468830529
CUST1276,Male,64,North,Home,1066.61,Bronze,Online,0,1,-1.365140676856802,-0.33394559630536247
CUST1277,Female,39,East,Sports,1001.95,Platinum,Card,0,2,-0.7105300793262077,1.2932994952412589
CUST1278,Male,31,Central,Groceries,320.61,Gold,Card,0,3,-2.57352424369814,1.9499750409961005
CUST1279,Female,43,North,Electronics,1295.78,Platinum,Card,0,3,-0.3071002056878268,-1.2457424502336703
CUST1280,Female,45,Central,Home,604.95,Silver,Online,0,8,-0.5342402719629263,0.5225100702105114
CUST1281,Female,40,Central,Groceries,442.31,Bronze,Cash,0,7,0.15091096362506948,3.089889607686385
CUST1282,Female,31,East,Clothing,232.73,Platinum,Cash,0,6,0.044607724434289384,0.28020554105019435
CUST1283,Male,41,West,Clothing,402.92,Gold,Cash,0,10,1.2570797684810704,0.11544263616427654
CUST1284,Female,19,South,Groceries,37.93,Platinum,Card,0,10,2.5943101847741112,-0.055733939893613596
CUST1285,Male,62,West,Electronics,876.97,Bronze,Online,0,4,1.1375390131506349,0.4901815174907414
CUST1286,Male,43,East,Clothing,1264.13,Platinum,Card,0,9,-0.45310758937508794,0.7548991665498829
CUST1287,Male,31,East,Sports,825.73,Platinum,Cash,0,1,-0.49339074970988994,-1.2447668741691826
CUST1288,Male,68,East,Beauty,332.81,Bronze,Cash,0,2,0.8686630423557151,-0.026483628288828647
CUST1289,Female,24,North,Groceries,55.34,Silver,Online,0,4,-1.6833446945728323,-2.2694978644974095
CUST1290,Male,20,West,Groceries,325.87,Silver,Card,0,3,-0.31520292616347895,-0.20931661662150006
CUST1291,Male,64,West,Clothing,627.1,Bronze,Cash,0,1,-0.23815293504385798,-0.9026885938220728
CUST1292,Male,40,Central,Electronics,1140.62,Platinum,Online,0,5,0.5841314848188115,0.33917757913548424
CUST1293,Female,63,Central,Sports,285.83,Bronze,Card,0,7,0.6138663461407804,-1.6563805271410257
CUST1294,Female,60,Central,Electronics,1081.09,Silver,Card,0,2,-0.7445605403930292,-0.5123173104590948
CUST1295,Female,64,East,Home,1301.07,Gold,Cash,0,5,-0.414372661705184,0.9665442505206122
CUST1296,Female,62,West,Home,683.65,Platinum,Cash,0,6,0.44510425483270666,-0.6763331514442502
CUST1297,Male,35,East,Beauty,1233.04,Silver,Card,0,7,-0.7989206559187648,-1.904935777417886
CUST1298,Male,55,North,Clothing,834.21,Platinum,Card,0,1,1.206118434774283,0.2575331531289845
CUST1299,Female,52,Central,Clothing,957.45,Bronze,Cash,0,7,0.609175233440241,-0.5865289930926361
CUST1300,Male,68,East,Clothing,791.79,Gold,Card,0,4,0.1715095481948434,-0.18588543607289654
CUST1301,Male,32,East,Beauty,697.44,Bronze,Cash,0,8,0.3909405982809195,-0.7298695864625924
CUST1302,Male,42,North,Home,355.81,Gold,Card,0,4,-0.4668906169407998,1.974396744480029
CUST1303,Female,54,South,Electronics,458.28,Platinum,Cash,0,6,-0.6262914221876187,-1.5580727358535134
CUST1304,Female,45,West,Beauty,438.51,Platinum,Online,0,9,-0.42472221613872096,2.8334956118942727
CUST1305,Male,27,South,Beauty,847.12,Bronze,Cash,0,5,0.4999666922598495,-0.39063653075135196
CUST1306,Female,56,Central,Electronics,184.33,Gold,Cash,0,4,0.20101498070865345,0.1834465762181352
CUST1307,Female,34,East,Clothing,1375.6,Gold,Online,0,8,-0.42271445969271,-0.5747964176044837
CUST1308,Female,56,North,Sports,1082.38,Platinum,Card,0,9,0.7495817433076553,-0.6166335598554541
CUST1309,Female,39,North,Electronics,605.16,Bronze,Online,0,4,-0.17394642233615382,-0.7848299034326331
CUST1310,Female,43,West,Home,242.14,Gold,Cash,0,3,-0.693310745589168,0.6012579620436356
CUST1311,Male,61,South,Groceries,1323.58,Platinum,Card,0,8,0.2543415092985207,-1.4107996936270562
CUST1312,Female,42,West,Groceries,1236.55,Silver,Online,0,5,-1.0130295116228378,0.3641085442426688
CUST1313,Male,34,East,Beauty,1083.97,Bronze,Card,0,2,-1.6872237499357012,-2.184492735051809
CUST1314,Male,30,West,Groceries,410.96,Silver,Card,0,10,-0.005104575565263934,0.2735287711417637
CUST1315,Female,37,North,Sports,606.66,Bronze,Online,0,9,-0.6574137937108836,0.8491426059321912
CUST1316,Male,42,North,Clothing,158.61,Platinum,Card,0,3,-0.25415435266984954,-1.2745191073073694
CUST1317,Male,21,Central,Home,287.61,Gold,Online,0,2,-0.9667329181444497,0.6787426017187439
CUST1318,Male,27,Central,Sports,1175.61,Gold,Cash,0,1,1.20893213970257,0.05138541062432149
CUST1319,Female,20,East,Home,1073.98,Gold,Card,0,8,-0.6614927439281383,1.5984264553578396
CUST1320,Female,58,South,Home,892.26,Bronze,Cash,0,3,-0.4319993781708099,-0.8552063823110898
CUST1321,Male,62,West,Clothing,1344.11,Platinum,Cash,0,7,0.37788326758323426,2.81598590372273
CUST1322,Female,35,East,Beauty,876.98,Silver,Card,0,1,-1.376614298322683,-2.3907821543252377
CUST1323,Female,64,Central,Groceries,703.12,Platinum,Online,0,1,-1.4505497732487043,-0.3295038006361257
CUST1324,Female,53,West,Clothing,513.85,Silver,Card,0,9,0.3809528356934129,-1.6985697106229332
CUST1325,Female,64,Central,Sports,1410.97,Bronze,Cash,0,8,-0.44494763046216945,1.8510541768497661
CUST1326,Male,39,West,Beauty,128.66,Bronze,Cash,0,3,-0.9014951068941558,-0.2617009938158365
CUST1327,Male,51,South,Sports,1396.68,Silver,Online,0,6,0.6033731729473202,-0.17168507736928265
CUST1328,Female,64,East,Beauty,1240.94,Silver,Card,0,3,-0.811921659107993,0.44323809808521286
CUST1329,Female,25,West,Sports,199.25,Silver,Cash,0,4,-0.2745122995489245,-0.00480518632728754
CUST1330,Male,57,North,Clothing,849.65,Platinum,Cash,0,1,-0.8961304679725128,-0.5937615564013348
CUST1331,Male,66,North,Beauty,1300.49,Silver,Cash,0,5,0.3034371862498239,-1.2566472506290483
CUST1332,Female,61,West,Beauty,859.85,Bronze,Online,0,1,1.332076192716774,0.16851340233342924
CUST1333,Male,36,West,Home,1361.26,Bronze,Cash,0,1,-1.8610399293321147,0.3788336326894784
CUST1334,Female,59,West,Home,1414.76,Gold,Cash,0,10,0.1126576887506457,0.6953772364017292
CUST1335,Female,58,North,Electronics,636.46,Silver,Card,0,7,0.8565884418863505,1.9127268503065222
CUST1336,Male,54,North,Sports,569.08,Platinum,Card,0,6,-0.4214777473057731,-2.173768904413992
CUST1337,Male,23,West,Home,1404.8,Platinum,Cash,0,2,-1.1310423742958853,-0.06771719735270462
CUST1338,Female,69,Central,Electronics,1014.33,Platinum,Cash,1,2,0.4209635271274037,1.1917378358214277
CUST1339,Female,43,Central,Home,178.45,Gold,Card,0,7,1.0016535033771001,-0.12452242443886458
CUST1340,Male,51,South,Sports,68.23,Bronze,Online,0,1,0.8905221776454686,-2.33817245369327
CUST1341,Female,62,East,Beauty,849.12,Platinum,Online,0,2,0.36590933791482744,-1.2910395748499208
CUST1342,Male,23,Central,Groceries,1395.61,Bronze,Online,0,8,0.09791373760864185,0.3285698496773193
CUST1343,Female,54,North,Sports,1267.15,Gold,Online,1,6,-0.8990125553843011,0.2921972948833408
CUST1344,Male,50,Central,Clothing,1015.39,Silver,Online,0,2,0.865244950343942,0.6725196983410208
CUST1345,Male,39,South,Home,212.98,Silver,Online,0,7,0.8099568133525075,-0.7810089435481842
CUST1346,Male,38,South,Home,385.08,Silver,Online,0,4,-1.138058318655267,0.2598832349192977
CUST1347,Female,23,East,Beauty,1313.89,Platinum,Online,1,2,0.36447972784649113,-0.9458633078963248
CUST1348,Female,23,Central,Clothing,278.3,Silver,Card,0,6,0.6528238755197853,0.2599579936436911
CUST1349,Male,65,North,Beauty,421.27,Platinum,Online,0,9,0.8821137720755067,0.053212197103539735
CUST1350,Female,21,North,Clothing,198.75,Gold,Online,0,9,-0.07498961912722062,-0.8208600201629043
CUST1351,Male,47,West,Groceries,1015.78,Gold,Online,0,8,-0.857567574146144,1.558183630762687
CUST1352,Male,28,North,Home,1416.25,Platinum,Cash,0,3,-0.5021161798640451,-1.705635950162387
CUST1353,Female,47,East,Home,407.11,Bronze,Card,0,3,-1.0072498584559615,-0.14162098301052742
CUST1354,Female,48,East,Groceries,715.73,Silver,Card,0,2,-0.05106066511498226,-0.8429055643243101
CUST1355,Male,41,North,Electronics,953.34,Silver,Card,0,5,-0.24688539656869044,1.8342020358562743
CUST1356,Female,26,North,Beauty,1499.2,Silver,Online,0,4,2.145036420768707,0.5983980076204188
CUST1357,Female,20,West,Groceries,161.69,Platinum,Online,0,7,0.8946771424381318,-0.6493103753703896
CUST1358,Male,68,North,Beauty,750.36,Gold,Cash,0,4,0.969548066889097,-0.2797152893203726
CUST1359,Male,48,West,Sports,580.75,Silver,Card,1,9,0.47135249082772884,1.861257373980529
CUST1360,Female,57,West,Home,1299.4,Gold,Online,0,2,-0.367317646668518,-0.9462756317300305
CUST1361,Male,54,North,Beauty,716.57,Silver,Card,0,6,-0.2753899588180738,-1.7644481722305585
CUST1362,Male,53,South,Clothing,170.91,Silver,Cash,0,7,-0.18386929981662062,0.2910068624638142
CUST1363,Female,41,South,Beauty,953.46,Platinum,Cash,0,4,0.18823327270113394,0.3136403674078202
CUST1364,Male,48,West,Sports,1157.32,Bronze,Cash,0,6,0.38916981022344826,0.6660345733898599
CUST1365,Male,23,North,Home,9.31,Platinum,Card,0,7,0.0007086276805219297,0.6726257608719525
CUST1366,Female,19,South,Groceries,1289.14,Silver,Online,0,4,-0.2905984773431332,1.7707056507337993
CUST1367,Female,37,North,Sports,283.1,Silver,Online,0,8,-0.5941156304879845,-1.7181374903760358
CUST1368,Male,45,North,Home,830.34,Bronze,Cash,0,9,-1.3926487577832536,-1.202803194645333
CUST1369,Male,28,North,Beauty,626.62,Gold,Online,0,1,1.2833791650466513,0.6622033339461874
CUST1370,Female,21,Central,Electronics,1080.88,Gold,Cash,0,7,2.205529568265414,-1.1056255017144403
CUST1371,Female,32,North,Electronics,559.89,Silver,Card,1,9,1.199336780928251,-1.4565879732593636
CUST1372,Female,23,Central,Clothing,1305.3,Gold,Cash,0,10,-1.2590656259307462,1.8658445522852707
CUST1373,Female,66,West,Home,1097.09,Silver,Card,0,5,0.7870165696408917,-1.6199421316642872
CUST1374,Male,47,South,Electronics,973.33,Bronze,Cash,0,2,1.0237763016208163,-0.35127203711064553
CUST1375,Female,55,South,Groceries,1195.38,Bronze,Online,0,10,-0.403437698621358,-0.05936745123140444
CUST1376,Female,68,South,Home,1132.26,Silver,Online,0,6,0.48892723963902884,1.3091366419632775
CUST1377,Male,19,South,Groceries,58.73,Bronze,Cash,0,7,-0.45630303252261956,-1.8688030582824706
CUST1378,Female,32,South,Groceries,595.13,Platinum,Online,0,2,1.5289289948137401,0.41547515150624903
CUST1379,Male,28,South,Electronics,1396.56,Platinum,Online,0,2,0.3653709222153139,-0.8903770582600778
CUST1380,Female,25,South,Home,192.96,Bronze,Online,0,10,-0.9171554913710485,0.6276112125924505
CUST1381,Female,43,West,Beauty,1106.96,Silver,Card,0,10,0.6698080980093383,-0.9068077260268592
CUST1382,Female,68,North,Sports,1462.01,Silver,Online,1,1,1.0587806734902474,1.5723062561857772
CUST1383,Male,62,East,Electronics,83.04,Bronze,Card,0,4,0.1981316511358755,-0.9009700184262551
CUST1384,Male,61,Central,Electronics,1024.88,Gold,Cash,0,7,0.4794416917432683,-2.4619797058899167
CUST1385,Female,22,East,Beauty,704.89,Platinum,Online,0,9,-0.06975342922879786,-0.7888492497413011
CUST1386,Male,23,East,Home,870.87,Gold,Online,0,3,-1.1342804531462336,-0.26130011056889496
CUST1387,Male,43,North,Home,132.59,Silver,Online,0,7,-0.1517337584205077,1.0823538731623088
CUST1388,Male,21,North,Groceries,69.3,Silver,Cash,0,7,0.5230396329635579,-1.2584148305649208
CUST1389,Male,36,North,Beauty,1001.97,Gold,Card,1,7,-0.12802686798323787,-1.2386461271140756
CUST1390,Male,37,South,Beauty,1235.85,Bronze,Card,0,2,0.800765426739591,0.9605779037089842
CUST1391,Male,50,West,Home,1174.11,Gold,Online,0,6,-0.3921815611975842,-1.375225117962206
CUST1392,Female,37,South,Groceries,817.99,Gold,Cash,0,2,-0.32659082745082735,-0.17898344139169084
CUST1393,Female,66,West,Electronics,154.3,Platinum,Cash,1,6,0.8311199979939045,-0.1586511834690122
CUST1394,Male,29,West,Clothing,1033.63,Platinum,Cash,0,10,0.22185251680304485,0.21757953634296223
CUST1395,Female,64,East,Sports,366.62,Gold,Cash,0,3,-0.4117215811555918,-0.7498482103826004
CUST1396,Female,18,East,Electronics,1367.05,Gold,Cash,0,2,1.0338053760086243,-0.9269943866745629
CUST1397,Female,43,West,Home,1258.21,Silver,Card,0,6,-0.6887357179505279,0.3348944417522922
CUST1398,Female,31,West,Sports,1065.53,Platinum,Card,0,2,-0.7269489590173489,-0.8959958531697858
CUST1399,Male,55,South,Clothing,1423.52,Platinum,Card,0,5,-2.8294488110640743,-1.3599691901191746
CUST1400,Female,54,South,Clothing,51.98,Silver,Online,0,2,-0.5539685485774473,1.2277999878516854
CUST1401,Female,28,East,Groceries,1105.62,Bronze,Cash,0,3,1.3087166789222824,0.48809538137918235
CUST1402,Male,53,North,Sports,498.71,Platinum,Online,0,3,-2.072292686172439,1.7675023957653402
CUST1403,Male,30,West,Groceries,1359.57,Platinum,Cash,0,6,-0.9519201402292174,0.7839676512169459
CUST1404,Female,60,South,Electronics,403.68,Bronze,Card,0,6,0.4390685558901699,-1.2681436516314983
CUST1405,Female,20,East,Beauty,1088.66,Platinum,Online,0,10,-2.2448667738927277,0.09636924005999573
CUST1406,Female,50,South,Beauty,1317.08,Platinum,Card,0,3,-0.5106986135097646,-1.015628254718246
CUST1407,Female,23,West,Beauty,67.28,Bronze,Cash,0,3,1.1408632156107463,-1.6516095967182838
CUST1408,Female,67,West,Sports,599.48,Bronze,Cash,0,1,2.043025801848989,-0.44719939306998346
CUST1409,Female,27,Central,Beauty,1144.65,Gold,Cash,1,7,0.2902465656670324,0.9815328752991211
CUST1410,Male,22,North,Electronics,685.1,Silver,Card,0,8,-0.9264670182411171,0.27491271078750706
CUST1411,Female,40,Central,Groceries,404.54,Silver,Cash,0,2,-0.9601287386482825,-1.390894131258771
CUST1412,Female,27,East,Sports,333.61,Bronze,Card,0,4,0.14490796933090405,-0.48234157521273674
CUST1413,Male,61,South,Groceries,201.62,Bronze,Online,0,10,0.2809633211650989,-0.1428665853419799
CUST1414,Male,19,East,Sports,1286.41,Platinum,Cash,1,7,1.857928760058249,-1.6891124539708449
CUST1415,Male,30,West,Groceries,865.16,Gold,Cash,0,8,0.970804852537203,0.7131723652486122
CUST1416,Male,57,Central,Clothing,119.2,Gold,Cash,0,1,0.08410648788849061,-0.22873502625875175
CUST1417,Female,19,Central,Groceries,576.96,Bronze,Online,0,4,-0.3352072532594187,-1.3905948609320575
CUST1418,Female,37,Central,Beauty,554.76,Platinum,Cash,0,6,3.01471170930221,-1.4471735937410677
CUST1419,Female,18,East,Clothing,276.7,Platinum,Card,0,3,0.6265947999958954,1.100663944921611
CUST1420,Female,54,West,Groceries,656.08,Silver,Card,0,5,-0.668751713577545,-0.3808130321457192
CUST1421,Female,26,South,Sports,501.49,Silver,Cash,0,10,-0.2246229235914776,1.1903520289564116
CUST1422,Female,34,South,Sports,516.0,Platinum,Cash,1,9,-0.8774547400031002,1.5721554799027153
CUST1423,Male,26,East,Sports,1109.84,Silver,Online,0,3,-2.4045495258503897,1.0224482728559243
CUST1424,Female,28,Central,Home,338.78,Bronze,Online,0,5,0.3126509912073227,-0.5334317466174908
CUST1425,Male,32,North,Electronics,964.58,Platinum,Online,0,8,1.7824542165573145,-2.4978471195672807
CUST1426,Male,41,East,Sports,858.12,Silver,Cash,0,6,-1.630557202247304,0.31299630453482846
CUST1427,Female,55,East,Clothing,854.3,Gold,Online,0,4,0.055262595879017724,2.091576369778548
CUST1428,Male,52,West,Sports,996.2,Platinum,Online,0,8,-0.7069047791375971,-0.0353900781738251
CUST1429,Female,47,South,Home,824.83,Platinum,Card,0,3,0.5215025255698525,-1.989815518799147
CUST1430,Male,48,East,Beauty,1319.49,Gold,Online,0,3,-0.17233015672456595,-0.6748784964301175
CUST1431,Female,66,East,Clothing,1014.99,Bronze,Card,0,4,-1.360054654417601,-0.18373327476680484
CUST1432,Male,22,Central,Home,822.71,Gold,Card,0,9,-0.9811037139497356,-1.0979885674197973
CUST1433,Female,61,Central,Beauty,1245.5,Platinum,Online,0,5,-0.8303005319842076,-2.563953967979889
CUST1434,Female,67,North,Clothing,911.19,Bronze,Card,1,8,1.3443182079872078,-0.09785077021512495
CUST1435,Female,31,West,Groceries,440.26,Silver,Cash,1,6,1.293259276930151,-0.7848762463576265
CUST1436,Female,28,North,Electronics,314.61,Silver,Cash,1,3,-0.31134788711269756,1.7726916608999155
CUST1437,Female,26,Central,Electronics,232.73,Silver,Online,0,8,1.2278034334513466,0.10103348798279618
CUST1438,Male,51,South,Home,1349.69,Platinum,Cash,0,9,-0.17318383939617413,0.46957889689839183
CUST1439,Male,29,Central,Beauty,1066.65,Gold,Card,0,8,-0.3266627584501871,-0.11908614349605941
CUST1440,Male,52,West,Electronics,1406.38,Bronze,Cash,1,4,0.057117840551174894,0.09373330317385331
CUST1441,Female,52,Central,Beauty,906.92,Silver,Online,0,6,0.2848252786236364,-1.6522992883621435
CUST1442,Male,18,West,Beauty,712.73,Bronze,Online,0,1,-0.5554447928650015,-1.0401663052212893
CUST1443,Female,57,West,Home,94.28,Platinum,Card,0,4,0.02186574218222265,1.0886147013193521
CUST1444,Female,39,West,Home,1009.11,Silver,Online,0,8,0.7873225056465234,0.20946196973019687
CUST1445,Male,46,West,Home,875.4,Platinum,Cash,0,1,0.12953963920604702,-0.3985069178825137
CUST1446,Male,25,West,Electronics,1485.36,Gold,Online,0,3,0.04278290212432007,0.4861712414658739
CUST1447,Female,28,South,Home,362.54,Platinum,Card,0,1,0.494180214280795,0.5058619098405933
CUST1448,Male,58,North,Electronics,798.45,Platinum,Online,0,9,0.6667060608586094,1.9908946329442072
CUST1449,Female,54,East,Home,978.18,Gold,Cash,0,2,-0.0626158186129225,0.1630663438855776
CUST1450,Female,31,North,Sports,968.66,Bronze,Card,0,9,-0.4741810570781488,-1.0625075755103008
CUST1451,Female,47,West,Beauty,844.13,Gold,Cash,0,4,0.18920330347423522,-0.11569648291566763
CUST1452,Female,52,South,Home,1166.51,Gold,Card,0,2,-1.5939637298232994,0.6075656271213766
CUST1453,Female,38,Central,Clothing,311.45,Platinum,Online,0,4,-0.21032199550385486,0.9956590114287024
CUST1454,Male,54,South,Beauty,1089.81,Bronze,Card,0,10,-2.4715599083142608,-1.6150318721278794
CUST1455,Male,22,West,Beauty,931.5,Silver,Card,1,6,-1.6757917834365006,0.2537067194918132
CUST1456,Female,36,South,Home,1344.63,Gold,Online,0,7,-1.8261858494167107,-0.8972549274981164
CUST1457,Female,31,South,Groceries,1271.56,Bronze,Cash,1,3,1.0473517424530512,-0.5666319246194422
CUST1458,Male,43,West,Home,476.14,Gold,Online,1,3,0.013981815969324855,0.8458396242433921
CUST1459,Male,21,South,Beauty,417.97,Gold,Card,0,10,-1.2620490232163346,0.7462485394318988
CUST1460,Female,42,East,Clothing,1472.57,Gold,Online,0,8,0.4910660434453565,-0.6781524611975589
CUST1461,Male,62,East,Beauty,793.26,Gold,Card,0,5,0.9886544793665183,-0.15784202104008319
CUST1462,Female,59,South,Clothing,1360.1,Platinum,Online,0,4,0.5084855561473737,-0.5360817951208534
CUST1463,Male,42,Central,Electronics,250.0,Bronze,Online,0,7,-0.1887101284925862,2.8917029899567672
CUST1464,Female,35,West,Sports,966.01,Bronze,Cash,0,7,0.23248661841936719,0.27835816644536276
CUST1465,Male,57,East,Beauty,1215.74,Bronze,Card,0,9,0.9014965331427323,-0.8394815912727899
CUST1466,Female,25,Central,Home,1421.36,Gold,Cash,0,9,-0.4692458376626558,1.3221671462211262
CUST1467,Male,56,South,Electronics,509.32,Platinum,Card,0,5,0.029866923257825532,1.357461365683299
CUST1468,Male,57,Central,Sports,1088.85,Gold,Online,0,8,-0.2571930446064312,1.791670710523534
CUST1469,Female,31,North,Home,810.53,Gold,Card,0,10,-1.6134158526524858,2.087993682510094
CUST1470,Male,49,East,Groceries,95.64,Bronze,Cash,0,1,0.9165681806443017,0.7077148828661287
CUST1471,Female,68,South,Home,1036.55,Gold,Cash,0,9,2.05727186499401,-0.349851743778128
CUST1472,Male,55,West,Clothing,1036.69,Silver,Cash,0,8,-0.8737946212411899,-0.2026167676043195
CUST1473,Female,50,South,Clothing,1396.26,Gold,Card,0,6,0.9626802348862991,-0.2920753016065431
CUST1474,Male,40,West,Groceries,748.48,Silver,Cash,0,3,-0.8419937797616007,-0.40375536717902655
CUST1475,Female,32,South,Electronics,349.23,Gold,Cash,0,3,0.1327878150770647,1.2399368072885906
CUST1476,Male,50,Central,Sports,71.62,Platinum,Cash,0,8,1.5080122737897765,0.0007209069359758764
CUST1477,Female,42,Central,Home,626.39,Platinum,Online,0,5,-0.520438985392111,0.9714218648162062
CUST1478,Male,34,Central,Clothing,456.37,Bronze,Online,0,10,-0.014686414391873468,0.6765165547809898
CUST1479,Female,50,North,Electronics,1142.83,Gold,Card,0,7,-1.8015029965080767,-1.0986549631220837
CUST1480,Female,64,West,Groceries,534.63,Silver,Card,0,5,-0.6642043439462315,-1.7171766698622837
CUST1481,Female,19,Central,Beauty,1423.86,Silver,Cash,0,8,-1.9062723220007058,-1.236662966685065
CUST1482,Male,31,North,Clothing,1443.65,Gold,Online,0,10,0.4291781198749986,-0.4267063677307888
CUST1483,Female,57,West,Groceries,933.26,Silver,Cash,0,10,0.8316375589515773,0.1343281002678751
CUST1484,Male,57,South,Home,1393.35,Platinum,Cash,1,4,-0.22163488657080457,-0.6483003273443845
CUST1485,Female,68,North,Sports,1142.48,Silver,Online,0,2,0.28588696725679236,0.7030651467411015
CUST1486,Male,56,East,Clothing,822.56,Bronze,Online,0,3,-0.3257304552504472,-0.5276851944169594
CUST1487,Female,68,North,Clothing,274.56,Platinum,Online,0,8,0.7405453658744364,0.25695743818394445
CUST1488,Male,23,North,Home,690.6,Platinum,Card,0,7,0.12946193512519885,0.11758168066188653
CUST1489,Male,23,West,Beauty,843.51,Platinum,Card,0,2,-1.9856633558035592,1.7344330917873865
CUST1490,Female,20,South,Electronics,1296.62,Gold,Cash,0,6,0.9399808180928202,-0.9752409251002728
CUST1491,Male,24,East,Sports,724.59,Gold,Card,0,9,-0.3895427945831535,2.208419091154705
CUST1492,Male,68,Central,Clothing,1347.02,Platinum,Online,0,4,-1.2703794712084044,-0.5943498527396046
CUST1493,Female,25,Central,Sports,1013.15,Gold,Online,0,9,-0.43893397234400294,-1.3400568903608094
CUST1494,Male,59,North,Clothing,209.81,Silver,Card,0,2,-1.9020696485464397,-0.2169149904265378
CUST1495,Male,69,West,Sports,1492.5,Gold,Cash,0,2,-1.2498893112390432,3.2401391486368074
CUST1496,Male,32,West,Groceries,793.21,Gold,Cash,0,9,0.14294961011538876,0.8952052350186248
CUST1497,Female,64,Central,Clothing,590.83,Platinum,Card,0,7,0.2267116863405662,0.6029641034412616
CUST1498,Male,46,East,Sports,990.38,Bronze,Cash,0,7,0.30643883425516816,0.7951868616415204
CUST1499,Female,50,South,Electronics,167.8,Bronze,Cash,0,1,0.003209867763497622,-0.7695934645023071
CUST1500,Male,69,East,Groceries,956.63,Bronze,Cash,0,6,-0.6928651234720118,0.3260443763658592
CUST1501,Male,47,South,Groceries,749.86,Silver,Online,0,7,-0.054459139460565284,0.0025023003171226327
CUST1502,Male,56,Central,Electronics,612.98,Gold,Online,0,6,-0.43720744694788527,1.8090667486444099
CUST1503,Female,44,South,Sports,1429.76,Bronze,Card,0,6,-1.625781598075184,-0.10868771658665245
CUST1504,Male,53,West,Home,786.2,Platinum,Online,0,2,-0.7724149910105881,-0.37827654457740845
CUST1505,Male,46,North,Electronics,332.58,Bronze,Cash,0,6,0.8895412311690245,-1.1647993973691224
CUST1506,Female,55,North,Sports,691.15,Bronze,Online,0,4,1.5882941520549443,0.14001448687561519
CUST1507,Male,50,Central,Electronics,1379.48,Gold,Card,0,9,0.6512750441186885,0.292951833518835
CUST1508,Female,54,West,Electronics,268.26,Gold,Online,0,1,1.5436977609924138,-1.2015881881405177
CUST1509,Female,44,East,Clothing,324.87,Gold,Cash,0,8,0.08538861013495828,0.4531636040605758
CUST1510,Male,50,West,Sports,24.48,Silver,Cash,0,5,1.7423760847025391,0.2331795237948585
CUST1511,Female,21,North,Home,26.21,Silver,Card,0,1,2.0544884403285804,1.013445759883764
CUST1512,Male,39,North,Clothing,1244.94,Bronze,Online,0,4,-1.733469498036188,1.2123681179019035
CUST1513,Female,19,West,Electronics,1099.52,Gold,Online,1,1,0.22149330713283266,0.09427929361427935
CUST1514,Female,27,West,Beauty,535.79,Bronze,Online,0,6,0.08643018908754228,-1.0363648841320956
CUST1515,Male,22,North,Electronics,1048.98,Platinum,Cash,0,2,-0.42410381558409904,-0.8306215805446449
CUST1516,Female,27,East,Electronics,595.83,Platinum,Card,0,5,0.4919155381513867,1.762127663079091
CUST1517,Female,50,Central,Sports,1429.58,Gold,Online,0,7,0.04112506864187696,0.16548939312256028
CUST1518,Female,55,Central,Sports,1450.74,Gold,Cash,0,2,-0.7354489203920433,1.7461537795510573
CUST1519,Female,30,West,Clothing,592.23,Platinum,Cash,0,6,-0.026605105036981547,0.4986048184872299
CUST1520,Female,48,Central,Home,1282.06,Gold,Cash,0,6,1.2045945793683899,0.7537356371784484
CUST1521,Male,64,North,Clothing,1160.77,Silver,Online,0,5,0.18253809688267564,0.9387236162381593
CUST1522,Female,53,North,Groceries,468.45,Silver,Online,0,5,0.6269547482561325,-1.2231388144094233
CUST1523,Male,62,West,Electronics,351.9,Gold,Online,0,3,-0.27705310027909125,0.30695075011252615
CUST1524,Female,41,West,Beauty,690.06,Platinum,Online,0,10,0.4520640101516148,-1.2369989013620626
CUST1525,Male,69,West,Electronics,1173.12,Bronze,Online,0,10,-1.2092145304831798,-0.28491234787746483
CUST1526,Male,32,East,Electronics,1440.45,Gold,Online,0,2,-0.4997204994197924,0.6401696361230503
CUST1527,Female,46,Central,Clothing,1146.55,Gold,Online,0,7,-0.10266860856592804,-1.0253338905324527
CUST1528,Female,25,West,Beauty,1283.53,Bronze,Online,0,1,-1.2763359206265377,0.5593373245276719
CUST1529,Female,22,South,Beauty,906.58,Gold,Online,0,6,-0.8302167188922722,-1.4983689854658357
CUST1530,Male,46,South,Beauty,1253.93,Bronze,Cash,0,6,0.3131117685738916,1.1433198239615687
CUST1531,Female,64,North,Clothing,1177.71,Platinum,Online,0,3,0.12983191628803234,-0.6644371821053475
CUST1532,Male,21,Central,Electronics,568.59,Silver,Card,0,2,0.8063654246577088,-1.0271174242187837
CUST1533,Male,29,West,Clothing,830.23,Platinum,Cash,0,2,-0.600511018185164,-1.4353559159910807
CUST1534,Male,62,South,Sports,1208.11,Silver,Online,0,9,0.057602226005241515,-0.5793538328376587
CUST1535,Female,19,Central,Sports,73.85,Bronze,Card,0,5,-0.6718674108838283,-1.9076118069567995
CUST1536,Female,44,North,Clothing,1213.08,Silver,Online,0,7,0.7061285491093263,-0.5483991391083297
CUST1537,Male,48,East,Beauty,270.94,Platinum,Card,0,5,1.1907461160252475,1.0994870253330813
CUST1538,Male,68,Central,Electronics,774.45,Silver,Card,0,7,0.4833248272528027,-0.18871159973983392
CUST1539,Female,68,Central,Clothing,1213.37,Bronze,Card,0,4,1.0611942762765827,-1.1775186159066409
CUST1540,Male,53,East,Clothing,384.46,Silver,Card,0,8,0.03249986288786191,0.2262633165688082
CUST1541,Female,53,Central,Clothing,372.48,Gold,Cash,0,10,0.8055938349951759,0.1378957758749067
CUST1542,Male,43,North,Groceries,607.13,Platinum,Cash,1,10,0.07541774261246036,1.9566099625857163
CUST1543,Female,60,North,Sports,1342.49,Gold,Card,0,7,-1.0249280665857678,0.790721018540406
CUST1544,Male,44,East,Beauty,5.66,Bronze,Online,0,10,0.24672138869860635,0.30559812717284496
CUST1545,Female,22,West,Home,1352.57,Silver,Card,1,5,-0.9952966937905094,0.9050665483595475
CUST1546,Male,37,South,Beauty,234.94,Gold,Cash,0,6,2.3391289515689104,-0.13438106818006249
CUST1547,Female,28,West,Home,1485.18,Gold,Online,1,5,-0.33408815877533443,-0.07541318090619945
CUST1548,Female,27,Central,Groceries,1432.5,Silver,Cash,1,7,0.6450378554489973,1.6589403034315653
CUST1549,Male,57,South,Clothing,744.54,Silver,Cash,0,2,-0.012413219525594604,-1.635579026816248
CUST1550,Male,55,East,Groceries,771.52,Platinum,Online,0,5,-1.2336134240359058,0.9679455131409394
CUST1551,Female,23,East,Groceries,724.92,Gold,Card,0,10,-1.8985230300645715,-0.11079147568777581
CUST1552,Male,25,South,Electronics,954.99,Gold,Card,0,3,0.749013955074131,-0.291489421253352
CUST1553,Female,40,North,Sports,140.63,Bronze,Card,0,9,1.5493409267710596,-0.5528959336937127
CUST1554,Male,64,South,Home,53.76,Platinum,Card,0,6,-0.7348037072103585,0.15367402056418814
CUST1555,Female,43,Central,Clothing,91.27,Bronze,Online,0,10,-1.6566925195595903,-0.04352946650466633
CUST1556,Female,63,North,Home,669.33,Gold,Online,0,3,-0.32516273242162486,-0.4147023867269672
CUST1557,Female,60,East,Beauty,416.94,Bronze,Online,1,7,-0.9371170452387332,-0.7026577451166509
CUST1558,Female,29,South,Home,934.95,Gold,Cash,0,4,-0.6503156798620929,-1.9053304524509354
CUST1559,Female,43,West,Beauty,1488.7,Gold,Online,0,3,0.6103736997252851,-0.7238037443516702
CUST1560,Female,30,West,Sports,582.55,Bronze,Card,0,8,-0.050463047402838246,-0.5122951462609718
CUST1561,Male,57,Central,Beauty,862.89,Bronze,Cash,0,4,-0.8295075588820175,0.151231072166842
CUST1562,Male,35,West,Home,626.33,Silver,Card,0,1,0.588500786261195,1.9630858846815047
CUST1563,Male,42,South,Home,1271.67,Silver,Card,0,6,0.6668723450757911,-0.6159561935134189
CUST1564,Female,50,South,Beauty,1353.84,Silver,Online,1,10,-0.3370574860446252,-1.02373085374717
CUST1565,Female,64,West,Groceries,1316.65,Gold,Online,0,1,0.13791652091806014,-0.7144960913030979
CUST1566,Female,57,South,Sports,1461.69,Bronze,Card,0,5,0.5205018830769746,0.15334476760211485
CUST1567,Female,60,Central,Electronics,46.14,Platinum,Card,0,7,0.42610313098339714,0.5886354597962726
CUST1568,Male,29,North,Clothing,1260.53,Gold,Cash,1,6,0.040614086965532745,0.7283452130695429
CUST1569,Male,61,Central,Home,1128.9,Platinum,Online,0,2,1.4325861182252961,0.8277079982342662
CUST1570,Female,53,Central,Clothing,346.9,Bronze,Cash,0,4,0.5826808130151858,0.9692305876119747
CUST1571,Male,65,South,Electronics,1434.7,Gold,Cash,0,2,-0.45067901649773273,-0.27888363747316974
CUST1572,Male,21,North,Clothing,226.53,Platinum,Cash,0,1,-0.44466906769890485,2.0531401837412075
CUST1573,Female,22,South,Electronics,1020.93,Platinum,Card,0,3,-0.5580863501366736,-0.35476852115876417
CUST1574,Male,54,East,Beauty,341.21,Silver,Cash,0,3,0.6321209472278112,0.10934057634090907
CUST1575,Female,25,South,Groceries,649.91,Silver,Cash,0,7,-0.6227475600019066,1.2958270717726919
CUST1576,Male,59,South,Home,1080.14,Silver,Card,0,1,-0.4248990892028066,0.5664250279877657
CUST1577,Female,66,South,Electronics,847.17,Gold,Online,0,9,1.0580223881158126,-2.2408467440227384
CUST1578,Female,45,North,Clothing,644.12,Bronze,Online,0,6,0.19163196206738903,0.005635830296852785
CUST1579,Female,48,South,Home,492.88,Bronze,Cash,0,4,1.1985326271211874,0.8619647560864865
CUST1580,Female,26,North,Groceries,1260.29,Silver,Card,0,3,0.7980598733523421,-1.343470279529558
CUST1581,Male,68,West,Beauty,220.0,Silver,Online,0,3,-1.1766718290700633,0.7506927951289866
CUST1582,Female,46,East,Home,648.0,Silver,Cash,0,2,-0.10213305824070133,0.39015394001345316
CUST1583,Female,31,North,Electronics,1356.12,Platinum,Cash,0,2,0.9899490399685423,1.183920483851373
CUST1584,Female,57,West,Groceries,1269.55,Silver,Card,0,10,-1.2221760651510123,-0.691931322338641
CUST1585,Male,58,North,Clothing,604.41,Platinum,Cash,0,5,0.41971082035867624,0.9958934155892449
CUST1586,Female,39,North,Groceries,1145.85,Bronze,Online,0,9,-0.03923647369874391,0.1596082474008315
CUST1587,Male,28,East,Groceries,1235.63,Gold,Card,0,2,-1.7547887421223871,1.7660503040522877
CUST1588,Female,40,Central,Sports,1333.89,Gold,Online,0,2,0.11965930451893353,2.786049937813325
CUST1589,Male,18,Central,Groceries,819.04,Gold,Online,1,6,-0.8374680161265329,1.5383304390525525
CUST1590,Male,63,North,Groceries,310.67,Gold,Online,0,10,-1.167651782116426,0.4805186781082244
CUST1591,Female,54,South,Home,386.69,Platinum,Cash,0,2,0.009140675822632775,2.3210039960618047
CUST1592,Male,38,West,Clothing,447.06,Platinum,Cash,0,4,-1.9308529392530067,0.6034780416679837
CUST1593,Female,43,South,Home,892.73,Silver,Online,1,6,-0.6742902925848823,-0.9079457135226163
CUST1594,Female,63,South,Home,54.05,Platinum,Online,0,5,2.5511742525026477,-0.03927330695157529
CUST1595,Female,53,North,Electronics,955.88,Silver,Card,0,1,0.6502223934069432,0.7616721862950018
CUST1596,Male,40,North,Home,549.71,Silver,Card,0,6,-0.8814249061673531,0.825954155620064
CUST1597,Male,18,North,Sports,446.39,Gold,Cash,0,1,1.4041659401003963,-1.1252648898076596
CUST1598,Female,68,North,Sports,1319.85,Platinum,Cash,0,3,-0.9920435607771338,-1.0935322864596726
CUST1599,Female,57,Central,Electronics,692.7,Platinum,Card,0,10,-0.5536951531354725,-0.3413098462098483
CUST1600,Male,32,North,Beauty,147.1,Silver,Online,0,5,-1.1488514099292881,0.5345436134561904
CUST1601,Female,38,Central,Clothing,1240.99,Silver,Cash,0,10,0.2560798786660208,0.6625625498799194
CUST1602,Female,64,Central,Clothing,76.22,Bronze,Online,0,5,1.3686296220971284,0.1413051241048105
CUST1603,Female,26,North,Home,1091.49,Bronze,Card,0,10,-0.9990062325598563,-0.8344287335176476
CUST1604,Male,26,East,Home,1161.99,Silver,Cash,0,6,-2.060443037409089,1.7369429430193026
CUST1605,Male,27,West,Beauty,532.14,Bronze,Cash,0,10,1.0909666745194195,-1.0720580618430398
CUST1606,Male,69,South,Home,1238.06,Bronze,Card,0,8,1.5538005010876805,1.3023407448537614
CUST1607,Female,43,Central,Clothing,775.91,Silver,Cash,0,5,-1.995080466414733,0.7388232834503655
CUST1608,Female,58,West,Groceries,697.62,Silver,Card,0,1,0.46005434144644425,1.2803323038717285
CUST1609,Female,52,East,Sports,72.88,Platinum,Cash,1,5,0.22650535211528855,-0.44443329292291694
CUST1610,Male,69,South,Groceries,438.59,Silver,Card,0,3,-0.7874753048877547,-0.14265419808920418
CUST1611,Female,42,South,Groceries,1396.86,Silver,Cash,0,4,-1.394355666669233,0.055042557281043424
CUST1612,Female,43,Central,Clothing,590.78,Gold,Online,1,8,0.9917503454465558,-0.4763977606015151
CUST1613,Female,28,North,Groceries,822.32,Platinum,Online,0,7,0.17907053145719495,0.22525845349509843
CUST1614,Female,55,East,Beauty,800.37,Platinum,Online,0,5,0.25442645742672076,1.5790894560712077
CUST1615,Male,19,Central,Electronics,887.69,Platinum,Cash,0,2,-0.6217693528332011,-1.296833847167973
CUST1616,Male,24,East,Home,96.69,Gold,Cash,0,6,-0.8019092044499575,-0.6572117082110901
CUST1617,Female,35,North,Electronics,546.45,Silver,Online,0,6,-2.4549735412739464,-0.7657453187062563
CUST1618,Male,44,North,Sports,1086.08,Platinum,Online,0,10,-0.22802802978487915,-0.09441826213604765
CUST1619,Male,51,Central,Home,304.84,Platinum,Card,0,10,1.4388263794542226,-0.13552626897887088
CUST1620,Female,44,North,Groceries,309.35,Bronze,Card,0,6,-0.8902544200486536,0.7723145844407059
CUST1621,Female,34,West,Sports,20.09,Platinum,Card,0,9,-1.5224146942667398,0.03372310292137513
CUST1622,Male,60,South,Home,659.04,Silver,Online,0,8,0.43566456645700186,0.3028832767193024
CUST1623,Female,61,Central,Beauty,1324.69,Silver,Online,0,8,0.6200799984463362,0.39844804551200075
CUST1624,Male,68,East,Beauty,82.59,Bronze,Online,0,1,-0.5859059606811758,0.24540406120581154
CUST1625,Female,41,West,Beauty,290.72,Platinum,Card,0,5,-0.34876446469964173,0.7033130614575919
CUST1626,Male,42,Central,Beauty,468.58,Platinum,Cash,0,7,0.26390311721875853,-0.12232338213274517
CUST1627,Female,24,North,Groceries,1098.93,Platinum,Online,0,6,-0.15554946862932667,1.6463683960749977
CUST1628,Male,69,North,Electronics,962.75,Gold,Cash,0,5,1.0001293357539818,2.5416198467187923
CUST1629,Male,23,North,Home,626.84,Platinum,Cash,0,8,2.4372425759242193,0.7062309747670698
CUST1630,Male,41,North,Groceries,1139.81,Silver,Cash,0,3,-1.7091635551904558,0.22799116370906097
CUST1631,Female,50,East,Beauty,916.4,Silver,Card,0,6,1.2297551305579804,0.6245823093172438
CUST1632,Male,66,West,Electronics,1344.58,Gold,Cash,1,5,0.10525970102333387,-1.1010330858836441
CUST1633,Male,46,South,Sports,1227.95,Gold,Online,0,8,1.3882009388541612,0.18010546746541492
CUST1634,Female,60,East,Sports,382.96,Platinum,Card,0,4,0.7243545112656794,-0.7313246069486086
CUST1635,Female,39,East,Sports,410.8,Bronze,Online,0,8,0.061156459935711685,0.50997691724033
CUST1636,Male,43,South,Beauty,192.41,Gold,Online,1,10,0.7600229424410339,-0.7263593079771473
CUST1637,Male,45,South,Sports,508.76,Gold,Card,0,2,-0.3941557711847975,-0.34477744535889615
CUST1638,Female,67,North,Clothing,1499.32,Platinum,Online,0,9,-0.7743014221048548,-1.8719709055230525
CUST1639,Female,38,East,Home,611.6,Platinum,Online,0,9,0.8108631155983491,-1.173245689947668
CUST1640,Female,66,Central,Home,334.63,Gold,Card,0,10,-0.8443284487895042,0.3548738029360466
CUST1641,Female,24,South,Beauty,1144.91,Bronze,Online,0,10,0.6423725916415679,-0.8688460783184304
CUST1642,Female,34,South,Clothing,815.99,Gold,Cash,0,6,0.030747583087498632,1.0637739837855766
CUST1643,Male,37,West,Groceries,228.65,Platinum,Online,1,4,-2.329441651122576,-0.9538890884133123
CUST1644,Female,58,Central,Groceries,574.13,Platinum,Cash,0,4,-0.5743824504629396,0.45325450128577094
CUST1645,Male,66,Central,Sports,624.63,Gold,Online,0,6,0.3348381950246217,-0.7618756289717585
CUST1646,Male,37,South,Electronics,1131.98,Bronze,Card,1,5,-0.40600066390849227,0.3854697750335259
CUST1647,Male,39,North,Groceries,35.9,Gold,Card,0,6,-2.5467321117621853,-1.5347873290951395
CUST1648,Female,45,West,Electronics,407.18,Gold,Online,0,7,1.3207501278261604,-0.4531829756295582
CUST1649,Male,57,Central,Home,778.81,Platinum,Card,0,7,0.1693750512716112,-0.8462132852877351
CUST1650,Male,66,South,Electronics,406.93,Bronze,Online,0,9,0.4437392912698055,0.88323257530898
CUST1651,Female,24,Central,Home,944.51,Silver,Card,0,8,-0.4732761521782438,0.4622624644542042
CUST1652,Male,18,West,Clothing,725.39,Bronze,Cash,0,6,0.5314896881466579,-1.2325760546154823
CUST1653,Male,49,West,Clothing,545.76,Gold,Online,0,6,1.8348201445867027,-0.2031807366208805
CUST1654,Female,30,East,Beauty,1424.07,Gold,Cash,0,5,-0.7350729836273578,-0.7723178427228345
CUST1655,Male,47,South,Beauty,950.08,Gold,Cash,0,1,1.667012705357071,0.9502571938685426
CUST1656,Male,40,West,Sports,199.26,Bronze,Online,0,9,0.3985640658920072,1.2715241476539387
CUST1657,Male,68,East,Groceries,842.34,Platinum,Cash,0,9,-0.8694327480368637,-1.4416451465108133
CUST1658,Female,36,East,Sports,1172.19,Gold,Online,0,9,2.2123906375910085,0.8267029743814808
CUST1659,Female,49,Central,Home,1064.19,Gold,Cash,0,8,0.39164023988893254,-0.8232960692577094
CUST1660,Female,47,Central,Sports,262.27,Bronze,Online,0,10,0.6764786687730411,-0.25291677271931917
CUST1661,Male,46,East,Electronics,1458.77,Silver,Online,0,3,-0.26935210472675786,0.032254229060957
CUST1662,Male,66,Central,Home,675.98,Silver,Card,0,1,-0.7963266453295174,1.8166061635554727
CUST1663,Female,62,West,Beauty,242.74,Platinum,Online,0,8,0.16781324467578934,-1.0038497270308853
CUST1664,Male,46,North,Clothing,274.39,Platinum,Online,0,7,1.5814637234833284,0.8347497226433022
CUST1665,Male,47,West,Beauty,151.86,Gold,Cash,0,5,-0.30965981218568894,-1.1715044081696178
CUST1666,Female,33,East,Groceries,1206.26,Bronze,Online,0,10,-0.02675124557413819,-1.2405935848407343
CUST1667,Female,57,East,Home,187.44,Gold,Card,0,7,1.456328471979585,0.02846344841915499
CUST1668,Male,36,West,Home,192.06,Platinum,Cash,0,10,-0.3003268458042407,0.021729490989722763
CUST1669,Male,35,Central,Electronics,1276.46,Bronze,Cash,0,4,0.5102763111691208,-2.8323183184692535
CUST1670,Male,18,Central,Groceries,520.18,Bronze,Card,0,9,0.8773505067396974,1.1595962893754976
CUST1671,Female,31,East,Clothing,51.13,Platinum,Cash,0,10,-0.19678094887698314,-2.139114124430851
CUST1672,Female,68,South,Home,82.58,Silver,Cash,0,2,0.30983759319992266,-0.14593743611330154
CUST1673,Female,64,Central,Home,217.54,Silver,Cash,0,9,0.6611027776811732,1.3276154516053054
CUST1674,Female,67,West,Electronics,324.02,Bronze,Cash,0,9,-0.4009151935441269,2.209183966688679
CUST1675,Male,19,Central,Sports,999.39,Gold,Card,0,5,0.8157651649899931,-0.3630498636885798
CUST1676,Female,45,West,Clothing,240.2,Silver,Card,0,1,-0.5469860834554389,-1.4329490836170877
CUST1677,Female,66,East,Beauty,182.72,Gold,Cash,0,7,-0.675087578960491,1.290548225767958
CUST1678,Female,67,Central,Groceries,1148.26,Silver,Cash,0,10,-1.527041060820457,0.8651565501202622
CUST1679,Female,47,West,Home,1008.23,Silver,Card,0,10,-0.5034623439010585,-0.48899228957847524
CUST1680,Female,55,East,Home,655.81,Gold,Card,0,4,-0.8155027018702209,-0.6157374582092063
CUST1681,Male,68,South,Beauty,826.22,Platinum,Card,0,9,-0.4008739562549743,-0.7173921636594315
CUST1682,Male,21,West,Clothing,471.42,Silver,Cash,0,6,0.6119926319144883,-0.34458653573463344
CUST1683,Female,18,South,Sports,726.34,Silver,Cash,0,3,-1.7256742533751028,0.3160681424016309
CUST1684,Male,25,South,Home,762.48,Gold,Online,0,6,-1.974670894587108,-0.5660145827367716
CUST1685,Female,46,North,Clothing,583.92,Platinum,Card,0,10,-0.7490792166512826,-0.43958027556224044
CUST1686,Female,56,Central,Beauty,1360.33,Silver,Cash,0,6,0.461230493586657,0.6412790194105756
CUST1687,Male,20,West,Electronics,29.01,Silver,Card,0,5,0.2888649470196864,-1.4824141410588727
CUST1688,Male,49,South,Sports,1174.35,Platinum,Cash,0,2,-0.7650623329109258,-0.3759357199135793
CUST1689,Female,27,North,Groceries,190.95,Silver,Card,0,10,1.1694082321564618,-1.6759410190991015
CUST1690,Female,27,East,Home,1197.33,Platinum,Cash,0,10,-0.6584099351183408,0.10841247335290131
CUST1691,Female,36,West,Clothing,925.79,Platinum,Online,0,2,0.46245398612712674,-1.9394054081418746
CUST1692,Male,63,South,Electronics,1265.7,Gold,Online,0,7,-0.36278632753417206,0.8900101268264297
CUST1693,Female,51,Central,Groceries,150.78,Bronze,Card,0,2,-0.8687763509936559,-1.3146373957920054
CUST1694,Female,50,North,Clothing,840.68,Platinum,Cash,0,6,-0.6050667881147398,-1.7725785653614543
CUST1695,Female,40,South,Clothing,754.13,Gold,Cash,0,5,0.734000384813558,-0.3636132959016177
CUST1696,Male,45,Central,Groceries,1060.76,Bronze,Card,0,4,0.3610251451427553,1.7111072916770502
CUST1697,Female,49,South,Electronics,803.76,Silver,Cash,0,7,0.9681026637765426,0.7111924534215757
CUST1698,Female,67,West,Beauty,813.4,Bronze,Card,0,8,0.3609860825370816,-1.9223141054539656
CUST1699,Male,24,West,Electronics,647.25,Platinum,Cash,0,4,-1.6111694631742193,-1.343125267644541
CUST1700,Female,46,West,Sports,466.71,Platinum,Card,0,1,2.114414834308793,-0.3956003732457072
CUST1701,Female,25,North,Home,725.99,Platinum,Cash,0,1,0.3751690140584689,2.2383531617708616
CUST1702,Male,18,West,Groceries,182.15,Platinum,Card,0,1,0.5146715543882296,-0.938954147968868
CUST1703,Female,20,Central,Beauty,1442.46,Platinum,Cash,0,1,-0.3768376794965605,-0.9308852437031945
CUST1704,Male,41,South,Groceries,1073.04,Gold,Online,0,5,1.1131782933007082,1.5274293868801814
CUST1705,Male,40,East,Groceries,1428.94,Platinum,Cash,0,4,-1.0931075606001215,0.19490720526237576
CUST1706,Female,25,Central,Electronics,343.96,Gold,Card,1,9,0.6098290776634929,1.0530000272987412
CUST1707,Female,64,Central,Home,1319.61,Silver,Online,0,3,-2.0796332822470394,-0.7270995401759647
CUST1708,Female,54,West,Sports,1214.14,Platinum,Cash,0,7,0.6772085213501834,-0.1016358477290527
CUST1709,Female,20,North,Clothing,1017.34,Platinum,Online,0,8,-1.0795504116394294,1.3156318621882446
CUST1710,Male,68,South,Clothing,939.42,Bronze,Cash,0,6,0.2769945204271254,-0.1448408767357999
CUST1711,Female,50,North,Groceries,478.24,Silver,Online,0,10,1.3573404667461746,1.123053197526463
CUST1712,Male,45,South,Home,1225.53,Platinum,Card,0,1,0.8227173745004389,0.38726730043453017
CUST1713,Female,64,South,Beauty,754.77,Platinum,Cash,0,8,1.2243816701175614,-1.0396290784189188
CUST1714,Female,25,North,Electronics,110.98,Silver,Cash,1,10,1.1208484436478086,-0.01631721234602282
CUST1715,Female,51,Central,Home,472.73,Gold,Card,0,3,-0.5242827429098788,0.9813839922750334
CUST1716,Male,52,South,Home,1403.27,Platinum,Online,0,8,0.5983301738078541,0.6694161911868851
CUST1717,Female,49,North,Electronics,1276.77,Bronze,Card,0,4,-1.7249168959418097,-0.04025289842082823
CUST1718,Female,41,South,Groceries,1472.95,Platinum,Card,0,8,-0.686936417944251,-1.8917143889714996
CUST1719,Female,31,East,Home,943.85,Bronze,Online,0,1,1.3926548882840513,-1.7959914814097162
CUST1720,Female,49,Central,Clothing,375.03,Bronze,Card,0,3,-0.3850368024262208,-1.5833055896271162
CUST1721,Male,63,West,Electronics,248.41,Platinum,Cash,0,6,-1.8680018866707437,-0.5104422067665509
CUST1722,Female,60,South,Beauty,284.44,Platinum,Cash,0,9,2.0136989173313573,-0.3771178736934479
CUST1723,Male,33,East,Sports,34.59,Bronze,Cash,0,2,0.5622502831697198,-1.475411401094023
CUST1724,Male,21,West,Groceries,589.07,Silver,Card,0,1,0.7644782203057904,1.022512793696016
CUST1725,Male,69,West,Electronics,291.18,Silver,Cash,0,10,-0.9804695349218977,-1.2637690772205423
CUST1726,Male,54,South,Sports,620.42,Platinum,Cash,0,3,0.28405657052987027,-1.3705590420670095
CUST1727,Male,38,North,Sports,1402.82,Gold,Cash,0,4,0.2575749708891946,0.08823575388594865
CUST1728,Male,31,South,Beauty,648.66,Silver,Cash,0,5,-0.8214848566236752,0.9739051199932285
CUST1729,Female,48,East,Home,1317.59,Platinum,Cash,0,3,-0.1698196855231585,2.0548546198131667
CUST1730,Male,65,West,Beauty,910.23,Silver,Cash,0,10,-1.5004677127830177,0.5825450545031773
CUST1731,Male,35,South,Home,374.46,Gold,Card,0,2,-0.34670953287600176,1.5798297187236194
CUST1732,Male,24,North,Home,537.0,Platinum,Cash,0,2,0.9738462572598192,-1.2120566517265619
CUST1733,Female,27,South,Electronics,130.46,Gold,Cash,0,7,-0.7468482589920851,2.1597392606609995
CUST1734,Female,24,Central,Electronics,503.53,Platinum,Online,0,9,1.9072978364265534,-1.8614844505554884
CUST1735,Male,50,North,Groceries,1017.92,Gold,Card,0,10,-1.4360915125350566,-0.5038392538876806
CUST1736,Female,40,East,Home,112.81,Silver,Card,0,2,-0.2601753497955941,0.560652519578775
CUST1737,Male,38,West,Sports,312.08,Silver,Card,0,7,-0.6564299636141254,-1.6052170156959435
CUST1738,Male,36,South,Clothing,575.25,Gold,Card,0,7,-0.18018083137286925,-0.9270500919253337
CUST1739,Female,65,North,Groceries,1473.16,Gold,Cash,0,7,1.3714747821409226,-1.0859225292896342
CUST1740,Male,36,Central,Electronics,1178.37,Gold,Cash,0,3,-0.9844554964640968,-0.31022100724973456
CUST1741,Female,53,North,Beauty,1101.56,Platinum,Online,0,7,-0.45127053092953,1.421582856672674
CUST1742,Female,46,Central,Groceries,178.71,Silver,Online,1,1,0.6545057527231394,0.01682506628781065
CUST1743,Male,35,East,Groceries,1172.59,Platinum,Card,0,10,0.09315877991765241,-0.4630639442340176
CUST1744,Male,19,West,Groceries,1178.98,Silver,Online,0,1,0.1751749493090029,-2.8843243671782015
CUST1745,Female,18,East,Groceries,903.65,Bronze,Online,0,5,-0.9652763395995575,0.4667552048385791
CUST1746,Male,64,South,Clothing,1485.59,Platinum,Card,0,2,-0.07158347160249721,0.7900154089781791
CUST1747,Male,22,North,Beauty,491.25,Silver,Card,0,9,1.1315784515395237,-1.7000197678102116
CUST1748,Male,37,Central,Beauty,1412.2,Silver,Online,0,7,-1.6095209830809794,-0.06697235972252169
CUST1749,Female,28,Central,Beauty,1372.52,Platinum,Cash,0,4,-0.6973091506990274,0.19300819033204694
CUST1750,Female,59,North,Home,22.16,Platinum,Online,0,4,-1.8155416295253364,0.9646017573036937
CUST1751,Male,19,North,Sports,677.92,Silver,Online,0,2,0.5369756969437411,-0.724768458245474
CUST1752,Female,20,South,Beauty,1465.77,Platinum,Cash,0,5,1.2254705453144694,-0.8753603610847972
CUST1753,Female,40,East,Groceries,159.17,Gold,Cash,0,4,-0.18340998729204272,-0.45649729846836173
CUST1754,Female,29,Central,Groceries,823.94,Platinum,Card,0,1,-1.0055200145152972,1.2844370527773838
CUST1755,Female,37,South,Beauty,1468.54,Platinum,Card,0,8,-0.9762464514545354,1.04384544217267
CUST1756,Female,22,East,Beauty,835.47,Platinum,Online,0,3,-0.2970572078727427,-0.021345302172413684
CUST1757,Male,54,South,Groceries,288.77,Silver,Cash,1,6,-0.30087204539152507,1.0197765271882882
CUST1758,Male,55,Central,Home,875.36,Gold,Card,0,4,0.9118317785133704,-2.3686912068521586
CUST1759,Male,47,North,Electronics,310.64,Bronze,Online,0,9,-0.668876034443013,0.7916542060935255
CUST1760,Female,26,North,Electronics,781.96,Bronze,Cash,0,7,0.4350783381858596,-1.1187661628138466
CUST1761,Female,51,East,Beauty,115.69,Gold,Online,0,9,-0.3054700292478684,1.7670244943958617
CUST1762,Male,61,West,Clothing,910.2,Gold,Card,0,10,-0.7447569552398373,-1.0642447119332241
CUST1763,Female,52,East,Beauty,777.6,Gold,Card,1,3,-0.33037606334097747,-0.8527621652336447
CUST1764,Male,69,West,Beauty,1111.54,Silver,Cash,0,1,0.33653838187097995,0.5624237301311782
CUST1765,Male,39,South,Electronics,947.9,Bronze,Online,0,5,0.9149333898817024,0.6589541347810364
CUST1766,Male,61,South,Groceries,826.66,Gold,Cash,0,3,-0.25197318715848965,-0.4463320787671849
CUST1767,Female,41,Central,Beauty,1036.22,Silver,Card,0,6,-1.2039381307977697,0.37140403442303066
CUST1768,Female,34,West,Groceries,220.19,Bronze,Card,0,8,0.9997148032654405,0.4953798153284869
CUST1769,Male,27,Central,Groceries,895.06,Platinum,Online,0,4,-0.8981693831521145,0.39311465605803403
CUST1770,Male,47,North,Clothing,262.31,Silver,Online,0,5,0.2608231676775328,-0.4045549175583959
CUST1771,Male,63,West,Groceries,1388.66,Bronze,Online,0,5,-0.024832667703754394,0.5052110240856904
CUST1772,Male,40,East,Electronics,107.16,Silver,Cash,0,4,-0.15857009234621902,1.4063704050164938
CUST1773,Female,49,North,Home,648.41,Bronze,Online,0,4,-0.4869763001880067,-1.2254884792188265
CUST1774,Female,34,North,Home,1045.22,Bronze,Online,0,4,0.620148780415464,-0.8400600355418061
CUST1775,Male,67,East,Sports,689.74,Platinum,Card,0,4,-3.582062607487511,0.02725563236057936
CUST1776,Male,68,North,Beauty,142.68,Silver,Card,0,4,1.1364705083670374,-1.056224040668033
CUST1777,Female,34,West,Electronics,832.3,Gold,Online,0,5,-0.9125077743940353,-1.8034037342272606
CUST1778,Female,31,Central,Groceries,964.24,Platinum,Online,0,2,0.40795690975064797,1.0931229758819565
CUST1779,Male,26,North,Home,1057.17,Platinum,Card,0,2,0.35502561793492887,-2.2287882660262497
CUST1780,Male,57,West,Electronics,563.02,Bronze,Online,0,9,1.2749773820208183,-0.4023826975243354
CUST1781,Male,19,South,Home,847.67,Gold,Cash,0,2,0.19774913553806917,0.7589443197586707
CUST1782,Female,62,West,Groceries,678.78,Silver,Cash,0,6,-0.8291091806340453,0.26669978950207235
CUST1783,Female,42,Central,Home,1009.72,Gold,Cash,0,2,-1.6047549879109688,-0.3872493659789524
CUST1784,Female,56,West,Beauty,877.42,Gold,Online,0,5,-0.3488031548729745,-1.0974395765349592
CUST1785,Male,26,East,Beauty,791.01,Gold,Card,0,4,-1.9581754288830124,0.3438678131479371
CUST1786,Male,39,Central,Sports,378.04,Gold,Online,0,7,-0.6284857063107556,-0.9883944384668729
CUST1787,Female,60,South,Sports,8.02,Gold,Online,0,7,-0.29263062033020526,0.26593258631826233
CUST1788,Female,63,East,Home,265.25,Bronze,Card,0,6,-0.6899159780289247,0.14091764823475636
CUST1789,Male,21,West,Electronics,180.01,Bronze,Card,0,10,0.04177365736491215,0.15103290905513567
CUST1790,Female,43,Central,Beauty,676.38,Platinum,Card,1,5,-0.23610401091920777,-0.6403187591794156
CUST1791,Female,46,South,Electronics,920.33,Bronze,Cash,0,1,-0.32768654132878194,2.0350091093347893
CUST1792,Male,62,East,Electronics,323.56,Platinum,Online,0,3,-2.4241506170373057,0.35820663387037477
CUST1793,Female,51,South,Home,1408.89,Platinum,Card,0,9,-1.2947051806855492,-0.27870892421964716
CUST1794,Male,40,West,Electronics,14.99,Silver,Online,0,1,0.6426567318548759,0.26427057306180435
CUST1795,Male,54,South,Beauty,1159.59,Gold,Cash,0,5,0.8042562729474444,-0.7744616439243102
CUST1796,Male,28,North,Groceries,939.68,Bronze,Cash,0,2,-1.8387767179789956,-0.3863044984779063
CUST1797,Male,23,East,Sports,563.46,Silver,Card,0,4,-0.8147181812341315,2.3919199321195173
CUST1798,Male,35,South,Groceries,80.48,Bronze,Card,0,1,1.0719653675991272,-0.7673808064423085
CUST1799,Male,38,West,Electronics,943.09,Platinum,Online,0,3,-0.7180388134051491,-0.07777270026441621
CUST1800,Male,59,West,Groceries,581.49,Bronze,Card,0,10,-0.11149078712511214,-0.456104849749766
CUST1801,Female,53,South,Beauty,1404.72,Gold,Online,0,7,1.4418053290159079,-1.0396339428247796
CUST1802,Male,58,West,Beauty,815.28,Platinum,Card,0,10,-0.3615773114433937,0.42108499021980617
CUST1803,Male,55,Central,Electronics,1409.78,Platinum,Online,0,3,-0.5047194101871159,0.03647217665420908
CUST1804,Female,51,Central,Home,334.62,Silver,Online,0,4,-0.15703669059262962,0.9110273089999276
CUST1805,Female,34,Central,Groceries,1089.96,Gold,Online,0,2,1.8534107978998282,0.810577920330005
CUST1806,Female,54,North,Home,927.79,Platinum,Online,0,3,0.4462018362894799,0.9007077190419958
CUST1807,Male,42,South,Home,1110.42,Gold,Cash,0,9,0.019081627779767917,-0.9182033728509937
CUST1808,Female,55,North,Clothing,325.93,Bronze,Online,0,3,-0.5243599556815834,0.640960799203096
CUST1809,Male,29,West,Electronics,999.17,Gold,Card,0,5,0.5388169281811231,0.6652715062900945
CUST1810,Male,40,North,Sports,749.57,Platinum,Cash,0,2,0.6596997699307984,-1.021062998206856
CUST1811,Male,59,West,Beauty,1115.52,Silver,Cash,0,4,-1.0731785094754698,-0.31861624222723955
CUST1812,Male,39,West,Beauty,493.93,Platinum,Online,0,7,0.6866281919461598,-1.4561120964789682
CUST1813,Female,38,East,Electronics,1335.64,Gold,Cash,0,7,-0.1511522866234305,0.6696226323802841
CUST1814,Female,44,Central,Sports,131.03,Gold,Online,0,3,0.02479863462860666,0.6650224694439736
CUST1815,Male,48,West,Beauty,1211.75,Platinum,Card,0,5,-0.8842890029883183,1.4303627991183554
CUST1816,Male,23,East,Electronics,1292.67,Gold,Online,0,1,-0.39998202782890996,-0.2287985078143456
CUST1817,Male,44,Central,Beauty,1226.79,Bronze,Cash,0,10,-1.030142265222829,0.4514695865637963
CUST1818,Female,57,West,Home,771.53,Platinum,Card,0,10,-1.0782181701163007,0.9877351010253084
CUST1819,Male,51,West,Groceries,660.39,Silver,Online,0,10,0.3770902204267797,-0.7538915285546915
CUST1820,Male,29,North,Groceries,1494.41,Platinum,Card,0,1,-0.3551165654431084,-0.9059651413176992
CUST1821,Female,62,North,Beauty,347.61,Bronze,Card,0,5,-1.299637669862416,-0.7228852010761648
CUST1822,Female,24,Central,Clothing,822.58,Bronze,Cash,0,10,2.177052647488376,-0.3492954682052211
CUST1823,Male,27,West,Sports,1007.66,Bronze,Card,0,9,-1.1246550393159365,-0.8705543556461532
CUST1824,Female,62,South,Sports,1052.8,Bronze,Cash,0,1,1.0921029610193338,-0.6798277099612238
CUST1825,Female,34,North,Sports,310.02,Bronze,Card,0,1,-1.4764636416218018,0.8809151690332453
CUST1826,Male,43,Central,Home,982.72,Silver,Online,0,4,0.4565023351677955,-0.09634663149429264
CUST1827,Female,38,West,Sports,1228.46,Gold,Card,0,4,-0.25056036861869124,0.3066983736594359
CUST1828,Male,45,West,Groceries,79.78,Bronze,Online,0,2,-0.6290567313584048,-0.5507167881185753
CUST1829,Female,63,South,Home,1367.72,Bronze,Online,0,9,0.19674232376570605,-0.6163654291823402
CUST1830,Male,19,Central,Electronics,49.11,Platinum,Card,0,9,0.06225985632933222,0.2855558895403972
CUST1831,Male,60,West,Sports,537.18,Silver,Online,0,2,-0.8124651836820451,0.1260623280034051
CUST1832,Male,18,North,Sports,28.64,Silver,Card,0,9,-0.8577388807870001,0.7779866783080691
CUST1833,Female,68,South,Electronics,120.33,Gold,Card,0,6,-1.573914211994401,1.3015929980039929
CUST1834,Male,53,Central,Sports,1367.2,Silver,Online,0,8,0.3055643843570512,-0.6914122042764048
CUST1835,Female,68,South,Electronics,535.52,Platinum,Online,0,10,-1.2538048271000084,0.8611845377637809
CUST1836,Male,43,North,Home,640.03,Platinum,Cash,0,4,0.00397495651718248,-1.0798061676931627
CUST1837,Male,46,Central,Groceries,326.94,Gold,Online,0,2,0.5924779841207163,2.0737786828032836
CUST1838,Female,38,South,Electronics,897.66,Platinum,Cash,0,2,0.2080550318240542,-0.7863040531383287
CUST1839,Male,28,East,Clothing,894.23,Bronze,Online,0,9,-0.7231312980172583,0.6906305697567595
CUST1840,Male,57,North,Electronics,561.44,Bronze,Card,0,1,0.9088124113499689,-1.0872403387446656
CUST1841,Female,28,North,Sports,502.89,Platinum,Online,0,7,-0.40797147810125295,-0.1520908861467986
CUST1842,Male,53,North,Home,1328.02,Gold,Card,0,3,-1.334160759004991,1.5457331421535163
CUST1843,Male,66,East,Beauty,578.01,Silver,Card,0,3,-0.28372750445327777,-0.8177041519860727
CUST1844,Male,56,East,Home,742.78,Gold,Card,0,2,0.5867973779847261,2.2041861678862227
CUST1845,Male,57,West,Beauty,428.54,Silver,Cash,0,10,-0.6744143144101269,-0.005275597109045737
CUST1846,Female,52,South,Electronics,1181.22,Platinum,Online,0,6,0.8781824149703045,0.9757125379826657
CUST1847,Female,51,West,Groceries,599.18,Platinum,Card,0,10,-0.7703260652176507,0.4029445735036032
CUST1848,Male,64,South,Clothing,772.85,Bronze,Card,0,2,-0.6342131936855273,0.457040065596367
CUST1849,Female,41,East,Home,383.77,Silver,Cash,0,10,-1.0460790158532527,-1.4261137171431046
CUST1850,Male,39,East,Sports,1481.55,Gold,Online,0,4,0.6837095369080293,-0.47285279297804617
CUST1851,Female,22,West,Beauty,440.79,Platinum,Online,0,10,-0.05324257008920245,1.1959764624837037
CUST1852,Male,50,Central,Sports,1157.26,Gold,Cash,0,9,-0.9797619477439743,-0.34432120176999703
CUST1853,Male,53,West,Groceries,644.11,Bronze,Cash,0,9,-0.3962103422811035,0.13883208271781333
CUST1854,Male,64,South,Beauty,313.3,Silver,Online,0,6,-3.0711509878990277,-1.5474221283691512
CUST1855,Male,37,West,Home,1200.58,Silver,Cash,0,4,0.7779723634666434,-0.5375769410007442
CUST1856,Male,36,North,Electronics,503.74,Platinum,Online,0,7,-0.1707466394983074,1.1230392976314654
CUST1857,Male,52,South,Sports,1298.46,Silver,Online,0,1,-2.406238151009897,-1.2826294319269402
CUST1858,Female,69,South,Groceries,1373.31,Platinum,Card,1,4,-1.4566814413240818,0.717079036996164
CUST1859,Male,60,Central,Home,1290.44,Bronze,Card,0,5,-0.4215940625576031,0.17777813858498556
CUST1860,Female,34,East,Home,57.34,Silver,Online,0,8,-1.314170759104837,-0.23595548602317848
CUST1861,Male,62,South,Home,1182.12,Platinum,Online,0,2,0.7933493236860584,-0.27992454232200725
CUST1862,Female,60,East,Home,619.95,Gold,Online,0,5,0.41857288599115444,-0.49102969807798746
CUST1863,Female,51,West,Beauty,1311.22,Platinum,Online,0,6,0.35953594351786894,-0.40197097205696275
CUST1864,Female,26,North,Home,958.74,Silver,Online,0,5,-2.604346935214705,0.9297402248111573
CUST1865,Male,43,Central,Sports,1251.3,Bronze,Online,0,9,-0.525458414206894,-0.4320438142447743
CUST1866,Male,19,East,Groceries,751.65,Silver,Cash,1,10,-0.6976164506090564,1.8075903221923073
CUST1867,Female,26,South,Beauty,804.86,Silver,Online,0,1,-0.9540544541045877,0.29953250304321194
CUST1868,Male,26,East,Home,220.86,Platinum,Cash,0,3,-0.41517528116371183,-0.5762619290282724
CUST1869,Female,57,South,Clothing,1177.06,Gold,Cash,0,2,-1.1262382070860628,0.9733659524856143
CUST1870,Male,34,East,Clothing,631.99,Silver,Online,0,3,0.215220732950218,0.6238959430765766
CUST1871,Female,18,South,Groceries,752.62,Gold,Online,0,10,0.7665513543377717,-1.6541764402276586
CUST1872,Female,42,West,Electronics,1178.72,Platinum,Cash,0,9,0.6803837384236716,-1.0344713570175377
CUST1873,Male,60,South,Electronics,900.27,Gold,Cash,0,9,-0.1379112517114806,-0.11542030120241245
CUST1874,Female,57,South,Beauty,305.64,Platinum,Online,0,10,1.9992396963335024,-1.5836079344201974
CUST1875,Male,59,North,Beauty,887.4,Bronze,Online,0,2,1.1399751145005097,2.0905299019716126
CUST1876,Female,42,South,Beauty,614.41,Gold,Cash,0,3,-0.10155820367255168,0.8222321820393413
CUST1877,Female,56,North,Electronics,706.94,Gold,Cash,0,4,-0.4822722102015164,-0.013332847036461887
CUST1878,Male,52,Central,Clothing,47.33,Bronze,Cash,0,9,1.3380271627819205,-0.3427065536132635
CUST1879,Male,20,North,Electronics,318.99,Gold,Card,1,3,1.0075806827627332,-0.5996636543589989
CUST1880,Male,67,West,Sports,425.15,Bronze,Cash,0,7,-1.4104272038242296,-1.9640321579709097
CUST1881,Female,54,North,Home,1070.88,Silver,Card,0,3,1.0858213192287456,-1.7328736516456296
CUST1882,Male,61,Central,Beauty,22.18,Platinum,Online,0,7,-0.154373534723929,1.9011207312676073
CUST1883,Female,61,West,Clothing,616.12,Bronze,Online,0,7,-0.8609115305933583,1.573599639232585
CUST1884,Female,68,East,Groceries,1386.42,Gold,Cash,0,9,-1.9792058592406632,-0.5757777549240405
CUST1885,Male,47,East,Groceries,172.26,Bronze,Online,0,2,-0.2689161946978014,0.9079991561824573
CUST1886,Male,55,North,Home,777.05,Gold,Online,0,6,-0.01222758521992526,0.5064207749970311
CUST1887,Female,51,North,Clothing,1180.85,Silver,Online,0,9,1.5873276541102175,0.624287956648842
CUST1888,Female,29,Central,Electronics,1414.08,Bronze,Online,0,2,0.9572338077486858,-1.4251777645007055
CUST1889,Male,36,Central,Electronics,1121.43,Silver,Card,0,2,-0.5828867213760348,-1.80817792253016
CUST1890,Male,54,South,Sports,1082.25,Platinum,Card,0,5,0.38934239421973693,1.182594359069889
